# extended ;1
# legs ;['blueleg']
# legs model ;['beam']
# legs young modulus ;[35000.]
# legs poisson ratio ;[0.45]
# legs position on motor ;['counterclockwisedown', 'clockwisedown', 'counterclockwisedown', 'clockwisedown']
# connector ;bluepart
# connector type ;rigid
Effector position;Motor angle
[-39.96175319 -90.41790123 -39.9617533 ];[-0.14671493815230305, 0.14671495863621398, 2.438245119379324, -2.438245064719189]
[-39.95721404 -90.44149463 -31.95606774];[0.13278020542251584, 0.1361462088456899, 2.291810947074616, -2.4880786839009525]
[-39.95398396 -90.45504974 -23.95431237];[0.42151032888874346, 0.13590327750354508, 2.114101371561853, -2.5101908380204403]
[-39.9514658  -90.46332978 -15.96010252];[0.7230089875813547, 0.14319760751651572, 1.8982513705899897, -2.5099090246584557]
[-39.95029801 -90.4618368   -7.97632692];[1.0355881112380285, 0.15242992354764623, 1.6411482937976718, -2.499306559350879]
[-3.99504366e+01 -9.04556592e+01 -3.71598144e-09];[1.3482063788410472, 0.1566237350843377, 1.3482063413733782, -2.4934475678505583]
[-39.95029798 -90.46183701   7.9763269 ];[1.6411483233881732, 0.1524299215591997, 1.0355880724518913, -2.499306550733385]
[-39.9514658  -90.46332981  15.96010251];[1.8982513919169168, 0.1431976063501493, 0.7230089551400256, -2.509909030614221]
[-39.95398395 -90.45504983  23.95431237];[2.114101370650205, 0.13590326506085199, 0.4215103419337676, -2.510190839017309]
[-39.95721403 -90.4414947   31.95606774];[2.291810946563265, 0.1361461968015335, 0.13278021635528078, -2.488078667982854]
[-39.96175319 -90.41790124  39.9617533 ];[2.438245117769097, 0.1467149488359607, -0.14671492986357987, -2.4382450565310547]
[-31.95606778 -90.44149348  39.95721427];[2.488078779281501, -0.13278021903656137, -0.13614616867612922, -2.291810968604452]
[-31.95074983 -90.47098055  31.95074992];[2.339207542918932, -0.14677073146858444, 0.14677074432874765, -2.3392075180725564]
[-31.94759784 -90.48697768  23.94880222];[2.1596727262205526, -0.14933234601435222, 0.4396062809896361, -2.358806163917552]
[-31.94555441 -90.49734877  15.95514217];[1.9417992725549769, -0.14318142670222175, 0.7461472116764456, -2.3557791473372935]
[-31.94504669 -90.49668602   7.97327149];[1.6815637171793152, -0.1342136540721711, 1.0647670100381232, -2.342733397863045]
[-3.19455240e+01 -9.04904408e+01  2.83381468e-09];[1.383645954832629, -0.12999660300079946, 1.3836459616090193, -2.3358416103844735]
[-31.94504669 -90.49668599  -7.97327148];[1.0647669834967672, -0.13421364567647373, 1.681563717215456, -2.3427334048954926]
[-31.94555441 -90.49734875 -15.95514218];[0.7461472315677953, -0.14318144475837905, 1.9417992706247438, -2.355779142833153]
[-31.94759783 -90.48697775 -23.94880222];[0.439606291486437, -0.14933235214329219, 2.159672705537436, -2.3588061562192024]
[-31.95074983 -90.4709805  -31.95074993];[0.14677073223347042, -0.14677070850728594, 2.339207546181028, -2.3392075283667255]
[-31.95606779 -90.44149344 -39.95721427];[-0.13614616016925346, -0.13278022193104544, 2.4880787683988563, -2.2918109586598154]
[-23.95450848 -90.45308854 -39.95418569];[-0.13587910839852535, -0.42154337102627215, 2.5102736721140886, -2.1141887564460795]
[-23.94903903 -90.48471776 -31.94784274];[0.1493642897863678, -0.4396446799113153, 2.3589065186849667, -2.1597755684304714]
[-23.94469921 -90.51527932 -23.94469928];[0.4445368338516936, -0.4445368173075581, 2.1773720074265426, -2.1773720077232186]
[-23.94288347 -90.52913531 -15.95145598];[0.7538933827683721, -0.439447255529148, 1.9585641244393384, -2.1731422099172106]
[-23.9427047  -90.53100328  -7.97095623];[1.0756132688414803, -0.4305851944021051, 1.6972631992737532, -2.1592140302129894]
[-2.39428078e+01 -9.05304435e+01 -2.43050700e-09];[1.3972106945788945, -0.42619962423652946, 1.3972106692672843, -2.1517672729271253]
[-23.94270472 -90.53100318   7.97095623];[1.697263224520423, -0.4305852342954352, 1.0756132834143668, -2.1592140509057907]
[-23.94288347 -90.52913529  15.95145599];[1.958564135530507, -0.4394472906263014, 0.7538933858773061, -2.1731422187141094]
[-23.94469921 -90.51527929  23.94469928];[2.1773720153695866, -0.4445368165931736, 0.4445368202369803, -2.177372009474179]
[-23.94903901 -90.48471798  31.94784271];[2.358906524344768, -0.43964467193315276, 0.14936427234376645, -2.1597755531233265]
[-23.95450848 -90.45308849  39.9541857 ];[2.5102736766406215, -0.42154336554072314, -0.13587910142550325, -2.11418875700068]
[-15.96097876 -90.45304864  39.95256183];[2.51033513669127, -0.7232274664748326, -0.14307524307722344, -1.898705891912382]
[-15.95616536 -90.48589073  31.94681911];[2.3562796585775323, -0.7463937431961944, 0.143339540458171, -1.9423172818028558]
[-15.95240806 -90.51866088  23.94401391];[2.173613945522759, -0.7541191861005825, 0.4396221119331077, -1.9590400829760835]
[-15.94863761 -90.56032673  15.94863766];[1.9537230213033683, -0.7494730536222536, 0.7494730484399393, -1.953723019599933]
[-15.94840937 -90.56683945   7.9691212 ];[1.6930084247524568, -0.7404362872017168, 1.0717872991213864, -1.9401828748016927]
[-1.59478647e+01 -9.05750242e+01  2.67690195e-09];[1.393216844314951, -0.7356694479990675, 1.3932168563179643, -1.9326720718605026]
[-15.94840936 -90.56683949  -7.9691212 ];[1.0717872863648452, -0.7404362787453058, 1.693008427604692, -1.9401828716122511]
[-15.94863761 -90.56032678 -15.94863766];[0.7494730483714571, -0.7494730263232823, 1.9537230123690028, -1.9537230166445114]
[-15.95240807 -90.51866078 -23.94401392];[0.4396221247499229, -0.754119191453702, 2.1736139503860357, -1.9590400945796298]
[-15.95616535 -90.48589086 -31.94681909];[0.1433395578083672, -0.7463937753340645, 2.35627961715335, -1.942317268864989]
[-15.96097877 -90.45304846 -39.95256185];[-0.14307524735365093, -0.7232274882591172, 2.5103351404508403, -1.898705896150348]
[ -7.97723298 -90.44389637 -39.95226346];[-0.15222724055667344, -1.0360839055735758, 2.500026760735235, -1.6418868350580853]
[ -7.97432643 -90.47678749 -31.94726877];[0.134477085721213, -1.0653264057297476, 2.3435765212815216, -1.68240221439372]
[ -7.97205533 -90.51061211 -23.94490767];[0.43091414898307945, -1.0761886623825645, 2.1601059278951324, -1.6981271454960412]
[ -7.96969822 -90.55609566 -15.94938093];[0.7406576358212931, -1.0720861191246553, 1.9406502177349374, -1.6934569001712279]
[ -7.96731366 -90.60692009  -7.96731369];[1.0613493194328658, -1.0613493225557382, 1.6795302401569914, -1.6795302497675055]
[-7.96694595e+00 -9.06171810e+01 -1.68792155e-09];[1.3814079957260776, -1.0560911709086451, 1.3814079881892685, -1.6726906428045245]
[ -7.96731366 -90.6069201    7.96731369];[1.679530263783983, -1.0613493587616705, 1.0613493283745357, -1.679530253986409]
[ -7.96969822 -90.55609568  15.94938093];[1.9406502250570292, -1.0720861279320166, 0.7406576385358816, -1.6934569031253606]
[ -7.97205532 -90.51061217  23.94490766];[2.1601059359019827, -1.0761886567007268, 0.43091411120592266, -1.6981271387270134]
[ -7.97432643 -90.4767875   31.94726877];[2.3435765301278413, -1.0653264112733054, 0.1344770699067997, -1.682402212296529]
[ -7.97723299 -90.44389627  39.95226347];[2.5000267750147653, -1.036083911004804, -0.1522272375567768, -1.6418868382131158]
[-1.14798194e-09 -9.04306781e+01  3.99532019e+01];[2.494433080158018, -1.3490826642117992, -0.15634941015330223, -1.3490826359481283]
[-1.56896395e-09 -9.04628103e+01  3.19486222e+01];[2.336992478145063, -1.384636595421805, 0.1303539140226962, -1.3846365490287071]
[-1.22865416e-09 -9.05009011e+01  2.39459988e+01];[2.153038136577002, -1.398275286339044, 0.4266667767619355, -1.3982752367921765]
[-8.35991083e-10 -9.05538123e+01  1.59497769e+01];[1.9335800079051988, -1.3939702909792533, 0.7360990187002876, -1.3939702482568486]
[-5.84480392e-10 -9.06058208e+01  7.96754668e+00];[1.673144450363205, -1.3818005166374447, 1.0563936881277316, -1.3818004857095583]
[-4.80980839e-10 -9.06648691e+01 -1.85676981e-10];[1.374168249824078, -1.374168274946915, 1.3741682480726172, -1.3741682482906692]
[-2.92233049e-10 -9.06058208e+01 -7.96754668e+00];[1.0563936735795942, -1.3818005072040538, 1.673144446128886, -1.3818004906478456]
[-2.66115607e-10 -9.05538122e+01 -1.59497769e+01];[0.7360990251185253, -1.3939702659982154, 1.9335800035583364, -1.3939702528585254]
[-7.27705603e-10 -9.05009011e+01 -2.39459988e+01];[0.426666781735739, -1.3982752675396508, 2.1530381270738044, -1.3982752376873708]
[-5.88673102e-10 -9.04628103e+01 -3.19486222e+01];[0.13035391878378494, -1.3846365695900775, 2.3369924582350143, -1.3846365511035301]
[-1.06896251e-09 -9.04306782e+01 -3.99532019e+01];[-0.15634941047514614, -1.349082661591347, 2.4944330678877065, -1.34908263307285]
[  7.97723299 -90.44389621 -39.95226347];[-0.15222725649561164, -1.6418868731805825, 2.500026782824777, -1.0360838914376858]
[  7.97432643 -90.47678745 -31.94726877];[0.1344770763512245, -1.6824022291514134, 2.3435765272016416, -1.0653263887942697]
[  7.97205532 -90.51061217 -23.94490766];[0.4309140974953517, -1.6981271667474243, 2.1601059403862006, -1.0761886400296579]
[  7.96969822 -90.55609566 -15.94938093];[0.7406576283276408, -1.693456938097932, 1.9406502210013459, -1.072086096911844]
[  7.96731367 -90.60692001  -7.96731369];[1.0613493253141784, -1.6795302712341598, 1.679530243907842, -1.0613493067191604]
[ 7.96694594e+00 -9.06171811e+01 -2.06351943e-10];[1.3814079838969957, -1.6726906528791328, 1.3814079712093892, -1.0560911380612164]
[  7.96731366 -90.60692006   7.96731369];[1.6795302545392836, -1.6795302659860514, 1.0613493140193933, -1.0613493062934978]
[  7.96969823 -90.55609556  15.94938094];[1.9406502312181615, -1.6934569200040537, 0.7406576236356871, -1.0720860972178912]
[  7.97205532 -90.51061223  23.94490765];[2.160105954750535, -1.6981271622054632, 0.43091409537461334, -1.076188639841485]
[  7.97432643 -90.47678743  31.94726878];[2.343576536105344, -1.68240226833854, 0.13447707940730808, -1.0653263933275465]
[  7.97723299 -90.44389619  39.95226348];[2.5000267948231487, -1.6418868848620976, -0.15222725050181368, -1.03608389200839]
[ 15.96097876 -90.45304856  39.95256183];[2.5103351616947784, -1.8987059100110741, -0.1430752670869944, -0.7232274633444044]
[ 15.95616535 -90.48589087  31.94681909];[2.356279626305905, -1.9423173136137946, 0.14333953158601576, -0.746393724739861]
[ 15.95240806 -90.51866089  23.9440139 ];[2.1736139529059786, -1.959040091567785, 0.4396220795841425, -0.7541191600621675]
[ 15.9486376  -90.5603268   15.94863765];[1.9537230236598788, -1.9537230234543348, 0.7494730228301709, -0.7494730147515496]
[ 15.94840937 -90.5668394    7.9691212 ];[1.693008425990328, -1.9401829001889066, 1.0717872721406327, -0.7404362549609605]
[ 1.59478647e+01 -9.05750241e+01 -2.00699437e-10];[1.3932168490503456, -1.9326720971180298, 1.3932168447055424, -0.7356694263117612]
[ 15.94840936 -90.56683949  -7.9691212 ];[1.0717872714204568, -1.9401828709525697, 1.6930084250564088, -0.7404362500513019]
[ 15.94863761 -90.56032676 -15.94863765];[0.7494730340291105, -1.95372302451208, 1.9537230136577204, -0.7494730172599424]
[ 15.95240807 -90.51866083 -23.94401391];[0.4396220896305971, -1.959040114348617, 2.173613950247157, -0.754119163833514]
[ 15.95616535 -90.48589079 -31.9468191 ];[0.14333952130613528, -1.9423173060667067, 2.3562796289115644, -0.7463937209882702]
[ 15.96097884 -90.45304877 -39.95256209];[-0.14307569844361528, -1.8987058129898298, 2.5103364268644137, -0.72322704970948]
[ 23.95450848 -90.45308848 -39.9541857 ];[-0.13587912834903465, -2.1141887804000206, 2.5102736855358088, -0.4215433412439717]
[ 23.949039   -90.48471801 -31.94784271];[0.14936427744321923, -2.15977557315706, 2.35890650080127, -0.4396446576710785]
[ 23.94469922 -90.51527918 -23.94469929];[0.4445368088122147, -2.1773720638576113, 2.1773720250524393, -0.44453680112758204]
[ 23.94288346 -90.52913536 -15.95145598];[0.7538933453361678, -2.173142206775048, 1.9585641208904516, -0.43944724213648273]
[ 23.94270472 -90.53100314  -7.97095623];[1.07561326556464, -2.1592140552598167, 1.6972632038028255, -0.43058518332948426]
[ 2.39428078e+01 -9.05304435e+01  9.66455587e-11];[1.3972106575187515, -2.1517672764254203, 1.3972106571729404, -0.42619959004509633]
[ 23.94270471 -90.53100323   7.97095623];[1.6972632036855384, -2.1592140675193194, 1.0756132531139215, -0.4305851815817253]
[ 23.94288347 -90.52913529  15.95145598];[1.9585641290104243, -2.173142261940551, 0.7538933498582091, -0.43944725007771135]
[ 23.94469922 -90.51527923  23.94469928];[2.1773720378311707, -2.1773720383877246, 0.44453681991377014, -0.4445368036678743]
[ 23.94903902 -90.48471787  31.94784272];[2.358906518269925, -2.159775566142168, 0.14936426803081515, -0.43964465914212536]
[ 23.95450849 -90.45308839  39.9541857 ];[2.510273695031919, -2.114188796111322, -0.13587912346811348, -0.42154334120391723]
[ 31.95606778 -90.44149347  39.95721426];[2.4880787919743206, -2.291810976455206, -0.13614618859234084, -0.1327801916171677]
[ 31.95074984 -90.47098049  31.95074992];[2.339207554736161, -2.3392075646707453, 0.14677071259076724, -0.14677070199813225]
[ 31.94759784 -90.48697762  23.94880222];[2.1596727468776526, -2.3588061911792555, 0.4396062569231554, -0.14933231890911042]
[ 31.94555442 -90.49734869  15.95514217];[1.9417992988494126, -2.3557792053045414, 0.7461471856672577, -0.1431814162543094]
[ 31.94504669 -90.49668599   7.97327148];[1.6815637253282267, -2.342733432384724, 1.064766974505053, -0.13421363353290017]
[ 3.19455240e+01 -9.04904408e+01 -3.39287283e-10];[1.3836459539626462, -2.335841605436413, 1.3836459496588274, -0.12999658073757486]
[ 31.94504669 -90.49668598  -7.97327148];[1.0647669860603393, -2.342733418945481, 1.6815637149102003, -0.1342136299618148]
[ 31.94555441 -90.49734877 -15.95514217];[0.7461471943222648, -2.355779194649237, 1.9417992717689967, -0.14318141034530332]
[ 31.94759783 -90.48697771 -23.94880221];[0.43960624697877815, -2.3588061876249697, 2.1596727264544833, -0.14933231207508352]
[ 31.95074984 -90.47098051 -31.95074992];[0.14677071652718243, -2.3392075436868636, 2.3392075557011984, -0.14677070327592667]
[ 31.95606778 -90.44149349 -39.95721426];[-0.13614618749339674, -2.2918109688358004, 2.488078772177009, -0.13278019376019629]
[ 39.96175319 -90.41790127 -39.96175329];[-0.14671494806974636, -2.438245080074766, 2.4382451181865066, 0.14671496367770365]
[ 39.95721404 -90.44149463 -31.95606774];[0.13278019358619397, -2.488078692520429, 2.291810950877624, 0.13614621003118857]
[ 39.95398395 -90.45504986 -23.95431236];[0.42151032390824444, -2.5101908684119913, 2.1141013693547275, 0.13590327729091892]
[ 39.95146579 -90.46332983 -15.9601025 ];[0.7230089521937906, -2.5099090353181315, 1.898251410198428, 0.14319762314363213]
[ 39.950298   -90.46183685  -7.97632691];[1.0355880723349764, -2.4993065768459575, 1.6411482998672855, 0.1524299431552812]
[ 3.99504366e+01 -9.04556592e+01 -2.94057672e-10];[1.3482063399560904, -2.493447591497934, 1.3482063326963554, 0.15662375541503515]
[ 39.950298   -90.46183682   7.97632691];[1.641148305460248, -2.499306589751786, 1.0355880679861789, 0.15242994457463663]
[ 39.9514658  -90.46332974  15.96010251];[1.8982514128422217, -2.5099090608082566, 0.7230089310601213, 0.1431976263162681]
[ 39.95398395 -90.45504987  23.95431236];[2.1141013948935927, -2.5101908496810337, 0.4215103061639781, 0.1359032835622603]
[ 39.95721404 -90.44149466  31.95606774];[2.2918109606295056, -2.4880787009481375, 0.13278019866711963, 0.13614620890142287]
[ 39.96175319 -90.41790126  39.96175329];[2.4382451439044113, -2.4382450745560313, -0.14671495113802652, 0.14671496373919196]
[ 39.95058844 -98.3954262   39.95058854];[2.122056960252692, -2.122056917044843, -0.27184061856569824, 0.27184062836965556]
[ 39.94681355 -98.40082798  31.954149  ];[1.9675607387672291, -2.172348430982461, -0.007174517690582548, 0.2605595582725772]
[ 39.9433321  -98.40576374  23.95897069];[1.787572266016661, -2.1994996727251164, 0.25998157484355144, 0.25837817373190963]
[ 39.93931292 -98.41543788  15.96735675];[1.5784495401047345, -2.208680054184826, 0.5319913902681841, 0.2622549786627336]
[ 39.93603301 -98.42352783   7.98145225];[1.3407977110697789, -2.2083349090172377, 0.8075367970399232, 0.26769472546861595]
[ 3.99340703e+01 -9.84309500e+01 -1.20439258e-09];[1.0803454944828803, -2.206815049873787, 1.080345473985613, 0.270209891986563]
[ 39.936033   -98.42352784  -7.98145225];[0.8075367849220001, -2.208334939766523, 1.3407977042344574, 0.26769472423154256]
[ 39.93931291 -98.41543795 -15.96735674];[0.5319913814793106, -2.20868005518727, 1.578449535982461, 0.2622549825108396]
[ 39.94333211 -98.4057637  -23.9589707 ];[0.259981591136601, -2.199499673532351, 1.78757226180662, 0.25837817136382435]
[ 39.94681354 -98.40082799 -31.954149  ];[-0.00717452509424564, -2.172348414538152, 1.96756071933582, 0.26055956672806885]
[ 39.95058845 -98.39542617 -39.95058854];[-0.2718406167767125, -2.122056937490428, 2.122056948493113, 0.27184062674308807]
[ 31.95414887 -98.4008285  -39.94681358];[-0.26055955373143574, -1.9675607099362555, 2.1723484121851215, 0.007174541459933792]
[ 31.9485485  -98.42271278 -31.94854858];[0.007026362682320257, -2.0139926606894996, 2.0139926748739865, -0.007026355433217224]
[ 31.94545601 -98.42799295 -23.95389429];[0.27798844110909837, -2.0379074544589333, 1.831534950838075, -0.011381680527149385]
[ 31.94202135 -98.43868652 -15.96318613];[0.5546037348500353, -2.0438846359834733, 1.6198598264936332, -0.008682570645143495]
[ 31.93930273 -98.44759937  -7.97900516];[0.8354525466320039, -2.0409732699063463, 1.3787882483570086, -0.0036594143562884984]
[ 3.19375979e+01 -9.84556935e+01  1.57718672e-10];[1.1136693335887085, -2.038418146356279, 1.1136693363980816, -0.0011939450161267129]
[ 31.93930273 -98.44759939   7.97900516];[1.3787882611114957, -2.0409732951310255, 0.8354525503104515, -0.0036594198385673238]
[ 31.94202135 -98.43868645  15.96318613];[1.6198598293724966, -2.04388464966754, 0.5546037259578034, -0.00868256995635916]
[ 31.94545601 -98.42799294  23.95389429];[1.8315349758772925, -2.0379074798898213, 0.27798844429452046, -0.011381686143120961]
[ 31.94854851 -98.42271274  31.94854858];[2.013992698227413, -2.013992680506497, 0.007026367289726429, -0.007026357975511877]
[ 31.95414887 -98.40082849  39.94681358];[2.1723484281164596, -1.9675606873222062, -0.2605595605514172, 0.007174541234947096]
[ 23.95906905 -98.40479413  39.94346996];[2.1995383695018362, -1.7876116572439154, -0.2583681642052443, -0.2599970623910253]
[ 23.95398576 -98.427147    31.94556515];[2.0379421931311885, -1.8315699527815552, 0.011392250817658212, -0.27800179452834084]
[ 23.94932308 -98.45110589  23.94932314];[1.852726410895534, -1.8527264172260403, 0.28463946137831797, -0.2846394529955277]
[ 23.94649912 -98.4626958   15.95959464];[1.6396292117980351, -1.8570413086858713, 0.5641675956042165, -0.28329302439641013]
[ 23.94435677 -98.47236169   7.97695065];[1.3969530641670058, -1.8529075393468644, 0.8482097240817525, -0.2787458122763291]
[ 2.39429407e+01 -9.84811032e+01 -6.94494489e-10];[1.1294620786549463, -1.849863557700341, 1.1294620642001734, -0.2763372364076776]
[ 23.94435676 -98.47236174  -7.97695065];[0.8482097362847507, -1.8529075467733416, 1.39695306426826, -0.27874581341968707]
[ 23.94649912 -98.46269583 -15.95959464];[0.5641675993644102, -1.8570413264653078, 1.6396292093260894, -0.28329302301864545]
[ 23.94932309 -98.45110587 -23.94932315];[0.2846394579330659, -1.8527264017316243, 1.8527263963471796, -0.28463945169381394]
[ 23.95398576 -98.42714696 -31.94556515];[0.011392258622168569, -1.8315699324420271, 2.0379421621965768, -0.2780017959677902]
[ 23.95906905 -98.40479415 -39.94346996];[-0.2583681660227206, -1.7876116256159356, 2.1995383716059576, -0.2599970662303971]
[ 15.96802384 -98.40693331 -39.94057678];[-0.26217336833077, -1.578783021826803, 2.209012105057163, -0.5321605756444165]
[ 15.9639426  -98.42965953 -31.94322882];[0.008789370717451755, -1.6202210935196424, 2.0442471682382513, -0.554783160806223]
[ 15.9603986  -98.45348364 -23.94757097];[0.2834295387370077, -1.6399978510377737, 1.8574138001976641, -0.5643480973530824]
[ 15.9561984  -98.4897368  -15.95619844];[0.5640166609349457, -1.6427420508796113, 1.6427420483457318, -0.5640166485954501]
[ 15.95467292 -98.50002905  -7.97507383];[0.8494464740525479, -1.6384287422962531, 1.3998208991524639, -0.5599369716942065]
[ 1.59536155e+01 -9.85093822e+01  1.09949558e-10];[1.1317714277844917, -1.6353467356460727, 1.1317714276271031, -0.5575576062487425]
[ 15.95467292 -98.50002909   7.97507382];[1.3998209071643277, -1.6384287163901172, 0.8494464533707493, -0.5599369700797293]
[ 15.95619839 -98.48973683  15.95619844];[1.6427420506293922, -1.64274206947881, 0.5640166607422463, -0.5640166484960019]
[ 15.9603986  -98.45348363  23.94757097];[1.8574138073854538, -1.639997860746914, 0.2834295441823689, -0.5643481028063329]
[ 15.9639426  -98.42965954  31.94322882];[2.0442471761676946, -1.6202210701606514, 0.008789364526498603, -0.5547831600177389]
[ 15.96802384 -98.40693332  39.94057677];[2.2090121005759884, -1.578783023486608, -0.262173369350746, -0.5321605739445969]
[  7.98214552 -98.40760929  39.93847816];[2.2089401687529584, -1.3413686681647785, -0.2675532660421855, -0.8079352597945663]
[  7.97980153 -98.43052736  31.94164625];[2.0416400343903804, -1.3794136972888893, 0.003849881433960839, -0.8358840556685274]
[  7.97783272 -98.4541952   23.94651133];[1.8536218439690773, -1.3976192970332448, 0.27900300085477414, -0.848666050061663]
[  7.97554524 -98.4905323   15.95553497];[1.6387914943764315, -1.4001629329134362, 0.5601111202406929, -0.8496796046962545]
[  7.9731158  -98.53373551   7.97311582];[1.3950305717816236, -1.3950306147430838, 0.8451543351213416, -0.8451543211372701]
[ 7.97252873e+00 -9.85436503e+01 -4.99124105e-10];[1.1273804624753876, -1.3921762927783223, 1.1273804495347057, -0.8427317171946556]
[  7.9731158  -98.53373548  -7.97311582];[0.8451543389227844, -1.395030604385732, 1.3950305714384448, -0.845154323148269]
[  7.97554524 -98.49053229 -15.95553497];[0.5601111415815827, -1.4001629017574055, 1.6387914854482666, -0.8496796034375241]
[  7.97783272 -98.45419517 -23.94651133];[0.2790030101271704, -1.397619290263874, 1.8536218369536575, -0.8486660702171064]
[  7.97980154 -98.4305273  -31.94164626];[0.0038498804827756944, -1.3794136938461783, 2.0416400205355876, -0.8358840559386007]
[  7.98214552 -98.40760931 -39.93847816];[-0.26755326379192795, -1.3413686735084018, 2.2089401584917367, -0.8079352561997996]
[-1.49393165e-09 -9.84076768e+01 -3.99376908e+01];[-0.2700103106082531, -1.0810617550828372, 2.2076888930312406, -1.081061725559506]
[-6.08090545e-10 -9.84306429e+01 -3.19410706e+01];[0.0014658030610903705, -1.114454176337773, 2.039383346926838, -1.1144541606533052]
[-4.17941123e-10 -9.84542342e+01 -2.39461497e+01];[0.27670939850035886, -1.1303032521199003, 1.85090551134347, -1.1303032390781436]
[-6.76758457e-10 -9.84905767e+01 -1.59553308e+01];[0.5578964615285402, -1.1323491431835497, 1.636055434577221, -1.1323491231908736]
[-1.03372003e-09 -9.85336733e+01 -7.97303139e+00];[0.8429659006950769, -1.1276787355325781, 1.3925214364374328, -1.127678704709357]
[-7.23999156e-10 -9.85860969e+01 -2.16443121e-10];[1.123839636978999, -1.123839649469793, 1.1238396298373101, -1.1238396290005066]
[-1.83763140e-09 -9.85336733e+01  7.97303140e+00];[1.392521449162353, -1.1276787598266353, 0.8429658905223912, -1.127678705615645]
[-4.91980868e-10 -9.84905768e+01  1.59553308e+01];[1.6360554403114762, -1.1323491373778407, 0.5578964492243457, -1.1323491229568718]
[-6.83573043e-10 -9.84542342e+01  2.39461497e+01];[1.8509055084539296, -1.1303032531898873, 0.27670940058306115, -1.130303233811711]
[-1.24840441e-09 -9.84306430e+01  3.19410706e+01];[2.039383350232235, -1.114454190967366, 0.0014658066684329896, -1.1144541614219625]
[-1.32895268e-09 -9.84076768e+01  3.99376908e+01];[2.207688898131913, -1.081061752416462, -0.2700103105135161, -1.081061723189287]
[ -7.98214552 -98.40760932  39.93847816];[2.2089401661638726, -0.8079352991711476, -0.2675532553928298, -1.341368652613807]
[ -7.97980154 -98.43052732  31.94164626];[2.0416400315411534, -0.8358840778063368, 0.003849892748615344, -1.3794136865335056]
[ -7.97783272 -98.45419522  23.94651133];[1.8536218622592773, -0.8486660850606222, 0.27900299599069694, -1.3976192388334516]
[ -7.97554525 -98.49053229  15.95553497];[1.6387915054366613, -0.849679653422224, 0.5601111280636383, -1.4001628852931542]
[ -7.9731158  -98.53373547   7.97311582];[1.39503057866521, -0.8451543559615439, 0.8451543424402397, -1.39503056311714]
[-7.97252873e+00 -9.85436503e+01 -1.70918874e-10];[1.1273804546693749, -0.8427317211301342, 1.1273804500453095, -1.3921762554311543]
[ -7.9731158  -98.53373552  -7.97311582];[0.8451543386748124, -0.8451543451768706, 1.395030571287091, -1.3950305623263854]
[ -7.97554524 -98.49053233 -15.95553497];[0.5601111239004993, -0.8496796251074155, 1.6387914850024057, -1.4001628861425603]
[ -7.97783272 -98.45419522 -23.94651133];[0.2790029995282101, -0.848666106133015, 1.853621831768948, -1.3976192360756567]
[ -7.97980153 -98.43052736 -31.94164625];[0.0038498740018530625, -0.83588406302657, 2.041640017091795, -1.3794136841361468]
[ -7.98214552 -98.40760927 -39.93847817];[-0.2675532599742865, -0.8079352839156587, 2.2089401825028903, -1.341368659357231]
[-15.96802384 -98.40693333 -39.94057677];[-0.2621733675229173, -0.5321605887799641, 2.2090120996135783, -1.5787830116803552]
[-15.96394261 -98.42965952 -31.94322882];[0.008789377046463986, -0.5547831922974679, 2.0442471675492198, -1.6202210567198398]
[-15.9603986  -98.45348366 -23.94757097];[0.28342954544325794, -0.5643481232190632, 1.8574137975766827, -1.6399978317901882]
[-15.95619839 -98.48973685 -15.95619843];[0.5640166674995576, -0.564016681712442, 1.642742045608334, -1.6427420403438562]
[-15.95467292 -98.50002909  -7.97507382];[0.8494464615097258, -0.5599369909345058, 1.3998208966174155, -1.638428690421292]
[-1.59536155e+01 -9.85093823e+01 -4.99911021e-10];[1.1317714358843811, -0.5575576239583335, 1.1317714226227837, -1.6353467228287037]
[-15.95467292 -98.50002904   7.97507383];[1.3998208986577896, -0.5599369853385949, 0.8494464446800736, -1.6384286990107364]
[-15.95619839 -98.48973684  15.95619843];[1.642742058441594, -0.5640166594565288, 0.5640166527898409, -1.6427420428581312]
[-15.9603986  -98.45348361  23.94757098];[1.8574138087572991, -0.5643481483152188, 0.2834295543670686, -1.6399978397726842]
[-15.96394261 -98.42965948  31.94322883];[2.0442471821460937, -0.5547831755445018, 0.008789368109494641, -1.6202210618109965]
[-15.96802384 -98.40693334  39.94057677];[2.209012123496675, -0.5321605889009117, -0.2621733624282866, -1.5787830074756897]
[-23.95906905 -98.40479414  39.94346996];[2.1995383528088377, -0.2599970718105112, -0.2583681650358852, -1.7876116207406985]
[-23.95398576 -98.42714699  31.94556515];[2.037942163183699, -0.278001813883616, 0.011392248898861007, -1.8315698982510986]
[-23.94932309 -98.45110588  23.94932315];[1.8527264212416958, -0.2846394781127811, 0.28463945937220475, -1.852726380664152]
[-23.94649912 -98.46269585  15.95959464];[1.6396292086595057, -0.2832930662008217, 0.5641676061589292, -1.8570412812310704]
[-23.94435676 -98.47236172   7.97695065];[1.396953061198358, -0.2787458287572976, 0.8482097339679725, -1.852907532937822]
[-2.39429406e+01 -9.84811032e+01 -1.92074942e-10];[1.1294620638881177, -0.2763372462392611, 1.1294620581037433, -1.8498635131146393]
[-23.94435676 -98.47236175  -7.97695065];[0.8482097355587468, -0.2787458587254362, 1.3969530549744085, -1.852907525078056]
[-23.94649912 -98.46269584 -15.95959464];[0.5641676065590254, -0.2832930431345858, 1.6396292061492972, -1.857041285012492]
[-23.94932309 -98.45110587 -23.94932314];[0.2846394638493604, -0.28463946423599673, 1.8527263935946596, -1.8527263813228827]
[-23.95398576 -98.42714701 -31.94556514];[0.011392247868625652, -0.27800180303379085, 2.0379421580350954, -1.831569900049211]
[-23.95906906 -98.40479411 -39.94346997];[-0.2583681649359084, -0.2599970737318482, 2.1995383533559445, -1.7876116203768964]
[-31.95414887 -98.40082851 -39.94681358];[-0.2605595524508352, 0.0071745242761578065, 2.1723484061927585, -1.967560661444805]
[-31.94854851 -98.42271275 -31.94854859];[0.007026379402305313, -0.007026378005601214, 2.01399266987239, -2.0139926432796003]
[-31.94545601 -98.42799296 -23.95389429];[0.2779884510803804, -0.011381697598992019, 1.831534941243034, -2.037907440488685]
[-31.94202135 -98.43868646 -15.96318614];[0.5546037476172043, -0.00868258700176558, 1.6198598235259747, -2.043884621352891]
[-31.93930274 -98.44759934  -7.97900516];[0.835452578921426, -0.0036594347412748363, 1.3787882451692923, -2.0409732532293527]
[-3.19375979e+01 -9.84556935e+01 -8.01716202e-10];[1.1136693450739756, -0.001193960619584794, 1.1136693302535503, -2.038418133246619]
[-31.93930274 -98.44759934   7.97900516];[1.3787882569063221, -0.0036594346177932224, 0.8354525552340718, -2.0409732512718453]
[-31.94202135 -98.43868648  15.96318613];[1.6198598327630902, -0.008682585221882422, 0.554603741254811, -2.0438846229619476]
[-31.94545601 -98.42799291  23.95389429];[1.8315349693957186, -0.011381703714595126, 0.27798844793383254, -2.037907443931405]
[-31.9485485  -98.42271275  31.94854858];[2.0139926865022035, -0.007026369285843631, 0.00702636656628465, -2.0139926512995956]
[-31.95414887 -98.40082851  39.94681358];[2.172348424424765, 0.007174538685397858, -0.2605595558199672, -1.9675606608481107]
[-39.95058844 -98.3954262   39.95058854];[2.122056970547894, 0.2718406248243144, -0.2718406190181213, -2.1220569003141194]
[-39.94681354 -98.400828    31.954149  ];[1.9675607126122308, 0.2605595629901687, -0.007174521503261824, -2.17234839687682]
[-39.94333211 -98.40576371  23.95897069];[1.7875722727533707, 0.25837816879533754, 0.2599815815526195, -2.199499669108053]
[-39.93931291 -98.41543792  15.96735675];[1.5784495354329138, 0.26225498832065003, 0.5319913695583348, -2.208680039527057]
[-39.936033   -98.42352783   7.98145225];[1.3407977055296059, 0.26769473383296716, 0.8075367836265925, -2.208334894699158]
[-3.99340703e+01 -9.84309501e+01  1.93911391e-11];[1.080345481907237, 0.27020989957446284, 1.0803454774283419, -2.2068150306520193]
[-39.936033   -98.42352783  -7.98145225];[0.8075367917086018, 0.267694730606438, 1.3407977143183147, -2.208334893814234]
[-39.93931291 -98.41543793 -15.96735675];[0.5319913861748528, 0.2622549818602096, 1.5784495342854898, -2.2086800353106666]
[-39.9433321  -98.40576374 -23.95897069];[0.25998158405774546, 0.25837817296753235, 1.7875722625707406, -2.199499669319415]
[-39.94681354 -98.40082804 -31.954149  ];[-0.007174522376634643, 0.26055956341270237, 1.9675607121258716, -2.172348393901833]
[-39.95058844 -98.39542619 -39.95058854];[-0.2718406057343227, 0.27184062426709776, 2.1220569374598917, -2.1220569059654855]
[ -39.93260477 -106.37146196  -39.93260485];[-0.39736474734901234, 0.3973647523788536, 1.8276006485918033, -1.8276006253465709]
[ -39.92834777 -106.37521806  -31.94454218];[-0.14499063767490605, 0.3829360247798679, 1.6689599677274525, -1.8805560959561824]
[ -39.92443689 -106.37813516  -23.95562571];[0.10429734781834622, 0.37682813645834096, 1.4912853997826572, -1.914002849015809]
[ -39.9198286  -106.38582525  -15.96773993];[0.3526457765677755, 0.37616463532415345, 1.2928004063389156, -1.9321021610309979]
[ -39.91614828 -106.39256769   -7.98272605];[0.5996120492614295, 0.3776437343197341, 1.075021600870903, -1.9400294071935025]
[-3.99138647e+01 -1.06399157e+02 -2.17718950e-09];[0.8419934175126109, 0.37852929146512937, 0.8419933850235474, -1.9419555572712723]
[ -39.91614828 -106.3925677     7.98272604];[1.0750216246247863, 0.37764372222369247, 0.5996120448119727, -1.9400294121965471]
[ -39.9198286  -106.38582524   15.96773993];[1.292800413889433, 0.3761646423339576, 0.35264576272573817, -1.9321021672721368]
[ -39.92443689 -106.37813516   23.95562571];[1.4912854099506696, 0.3768281408006873, 0.10429733424648037, -1.9140028562216358]
[ -39.92834776 -106.37521807   31.94454218];[1.668959967185512, 0.3829360270103449, -0.14499063738665152, -1.8805561116868563]
[ -39.93260478 -106.37146192   39.93260486];[1.8276006530213622, 0.3973647504366424, -0.39736473681324125, -1.8276006271049572]
[ -31.94454206 -106.37521846   39.92834777];[1.880556105625898, 0.1449906389073676, -0.38293601639191144, -1.6689599300019637]
[ -31.93808838 -106.39396054   31.93808845];[1.7171856588201662, 0.12813774770865496, -0.12813775086070378, -1.7171856168066388]
[ -31.93457018 -106.39650169   23.95018831];[1.5361413885957536, 0.12014664375902157, 0.1244976066923102, -1.7468434944359608]
[ -31.93055152 -106.40463048   15.96358561];[1.334342133251723, 0.11836742920929921, 0.3768726884702601, -1.7616249555660124]
[ -31.92740013 -106.41178888    7.98042331];[1.112805411983505, 0.11933637759194878, 0.6283720580630323, -1.7671819976507628]
[-3.19254267e+01 -1.06418844e+02 -4.56504632e-10];[0.8754162062581032, 0.12010346612007092, 0.8754161868199934, -1.768223292900429]
[ -31.92740012 -106.41178889   -7.98042331];[0.6283720452803873, 0.11933639448297025, 1.112805407173547, -1.7671819979311385]
[ -31.93055152 -106.40463053  -15.96358561];[0.37687270456955146, 0.11836742734445901, 1.3343421272217428, -1.7616249500012324]
[ -31.93457019 -106.39650165  -23.95018831];[0.12449761528943493, 0.12014664240300264, 1.536141369967706, -1.7468434912696282]
[ -31.93808839 -106.39396055  -31.93808845];[-0.12813773117058636, 0.12813773480251972, 1.717185623042308, -1.7171856089392756]
[ -31.94454206 -106.37521845  -39.92834777];[-0.38293602610682104, 0.14499064817941276, 1.8805561061627925, -1.6689599312273664]
[ -23.95571058 -106.37741822  -39.92458248];[-0.37682221805274685, -0.10430807730761021, 1.9140300211973493, -1.4913115891976267]
[ -23.95024673 -106.39604049  -31.93464734];[-0.12014159268457611, -0.12450436205048124, 1.7468609988171815, -1.536158541951111]
[ -23.94520993 -106.41448644  -23.94520998];[0.13466643619180269, -0.1346664278754877, 1.5624740800940218, -1.5624740737515506]
[ -23.94190031 -106.42307636  -15.95988912];[0.38980771685879295, -0.13788552540167184, 1.3584008012593176, -1.5750739328053953]
[ -23.93935808 -106.43066274   -7.97840788];[0.6443405292820162, -0.13760335244967167, 1.1345174800735227, -1.5791525683303478]
[-2.39377420e+01 -1.06438173e+02 -1.32337982e-10];[0.8944013242210905, -0.13700733753593358, 0.8944013222334963, -1.5796519422669626]
[ -23.93935808 -106.4306627     7.97840788];[1.1345174890023044, -0.1376033425816446, 0.6443405330135438, -1.5791525698721043]
[ -23.94190031 -106.42307637   15.95988912];[1.3584008090785122, -0.13788552864454387, 0.3898077136439406, -1.575073927087514]
[ -23.94520993 -106.41448645   23.94520998];[1.5624740974546225, -0.1346664312227796, 0.13466642616013397, -1.5624740730959212]
[ -23.95024673 -106.39604049   31.93464734];[1.7468610335463672, -0.12450435667585175, -0.12014160277508198, -1.5361585535972786]
[ -23.95571058 -106.37741825   39.92458248];[1.9140300179503735, -0.10430808279648651, -0.3768222082608917, -1.491311586417737]
[ -15.96838007 -106.3782123    39.92143435];[1.9323869955660729, -0.3527866764822495, -0.37610804671627884, -1.2930637754133543]
[ -15.96429957 -106.39673964   31.93192295];[1.7619202305479589, -0.3770177098098517, -0.1182869640380684, -1.3346209429209563]
[ -15.96067431 -106.41484011   23.94304194];[1.5753764419184042, -0.38995576537329146, 0.1379959775907736, -1.358692144240241]
[ -15.95646591 -106.44243264   15.95646594];[1.3691481878780132, -0.3945134041974924, 0.3945133978165612, -1.3691481837805017]
[ -15.95463142 -106.45043157    7.97657645];[1.1440017863626137, -0.3950238698875286, 0.6507712497740538, -1.3723736361474619]
[-1.59534497e+01 -1.06458381e+02  2.18800497e-10];[0.9024676469764679, -0.3946231333776398, 0.9024676493699937, -1.3725892264465638]
[ -15.95463142 -106.45043159   -7.97657645];[0.6507712588923972, -0.3950238341446221, 1.144001777045667, -1.3723736322768363]
[ -15.95646591 -106.44243263  -15.95646594];[0.3945134087484552, -0.39451340777862604, 1.3691481823818912, -1.3691481774080665]
[ -15.96067431 -106.41484011  -23.94304194];[0.13799597503592356, -0.3899557773642461, 1.5753764409682462, -1.3586921464283648]
[ -15.96429958 -106.3967396   -31.93192296];[-0.1182869653271585, -0.3770177051136764, 1.7619202322359844, -1.3346209440740262]
[ -15.96838007 -106.3782123   -39.92143435];[-0.37610804401668313, -0.352786697116698, 1.9323869743644297, -1.2930637758665946]
[  -7.9833607  -106.37818999  -39.91926388];[-0.37754653958629875, -0.5999385757544453, 1.9405596163825773, -1.0754728934963895]
[  -7.98114653 -106.39661768  -31.93010765];[-0.11919130410331819, -0.6287188174174713, 1.7677402363304529, -1.1132915733895339]
[  -7.97921263 -106.41465647  -23.94163267];[0.13780840414784812, -0.6447026698708662, 1.57973010498851, -1.1350308876994692]
[  -7.97701746 -106.44197739  -15.95548816];[0.39516593987820803, -0.6509581505425748, 1.3726633178200935, -1.144269141955323]
[  -7.97487959 -106.47236074   -7.9748796 ];[0.6517981239233557, -0.6517981449452057, 1.1462242289932234, -1.1462242277255674]
[-7.97423701e+00 -1.06480729e+02 -1.65467009e-10];[0.9041494183232714, -0.6515874068911975, 0.9041494157286237, -1.1462924443303528]
[  -7.97487958 -106.47236076    7.9748796 ];[1.1462242403568206, -0.6517981142449762, 0.6517981152835606, -1.1462242288469193]
[  -7.97701746 -106.44197736   15.95548816];[1.372663329268454, -0.6509581317260349, 0.39516592357450925, -1.1442691466795885]
[  -7.97921263 -106.41465647   23.94163267];[1.5797301121506502, -0.644702687387551, 0.1378083969393783, -1.1350308891923975]
[  -7.98114653 -106.39661773   31.93010764];[1.7677402669676343, -0.628718815119701, -0.11919130700050354, -1.1132915730707398]
[  -7.9833607  -106.37818997   39.91926388];[1.9405596322119871, -0.5999386008653291, -0.3775465341625547, -1.0754728966273426]
[-1.59482282e-10 -1.06378072e+02  3.99184796e+01];[1.9427281865060912, -0.8425672633776329, -0.3783923913039803, -0.8425672563597355]
[-2.74705569e-09 -1.06396453e+02  3.19294615e+01];[1.769040998799684, -0.8760354888191533, -0.11989505783888184, -0.8760354337870943]
[-1.34660718e-09 -1.06414461e+02  2.39411419e+01];[1.5805005703701727, -0.8950555196530061, 0.13730525860213108, -0.8950554877501224]
[-1.19985060e-09 -1.06441669e+02  1.59551573e+01];[1.3731570971411893, -0.9029210332289568, 0.3948999817449893, -0.9029210013591767]
[-1.12069783e-09 -1.06472022e+02  7.97470536e+00];[1.1465604121446327, -0.9043808263845808, 0.6517729512863559, -0.9043807941818098]
[-1.95212304e-09 -1.06505620e+02 -4.83796289e-10];[0.9036644725970593, -0.9036645039465331, 0.9036644612015465, -0.9036644556152119]
[-1.26017789e-09 -1.06472022e+02 -7.97470536e+00];[0.6517729581539532, -0.9043808306017057, 1.1465604107941056, -0.9043807980740057]
[-1.64791045e-09 -1.06441669e+02 -1.59551573e+01];[0.3948999862368855, -0.9029210412686042, 1.373157102204161, -0.9029210002629474]
[-8.67246822e-10 -1.06414461e+02 -2.39411419e+01];[0.13730528558442917, -0.8950555108756322, 1.5805005642322651, -0.8950554892994591]
[-1.16515076e-09 -1.06396453e+02 -3.19294615e+01];[-0.11989506553212288, -0.876035460813161, 1.7690409778974219, -0.8760354354818287]
[-1.76559748e-09 -1.06378072e+02 -3.99184796e+01];[-0.3783923847555578, -0.8425672862879967, 1.9427281548863444, -0.8425672556553062]
[   7.98336069 -106.37818998  -39.91926388];[-0.37754653616852546, -1.0754729298527905, 1.9405596139176278, -0.5999385677150474]
[   7.98114653 -106.39661767  -31.93010765];[-0.11919130116657056, -1.1132915923661681, 1.7677402405957097, -0.6287188011759777]
[   7.97921263 -106.41465652  -23.94163266];[0.13780839570324271, -1.1350309015142115, 1.5797300988682104, -0.6447026404393036]
[   7.97701746 -106.44197736  -15.95548816];[0.39516592676500695, -1.1442691686119837, 1.372663329281979, -0.6509581221187937]
[   7.97487958 -106.47236074   -7.9748796 ];[0.6517981021001085, -1.1462242541682222, 1.1462242316447693, -0.6517981009290403]
[ 7.97423701e+00 -1.06480730e+02 -3.39914895e-10];[0.9041494241397787, -1.1462924922316877, 0.9041494209437225, -0.6515873792238049]
[   7.97487958 -106.4723608     7.9748796 ];[1.1462242331962729, -1.1462242831831206, 0.651798105886187, -0.6517980934307214]
[   7.97701746 -106.44197734   15.95548816];[1.372663338866748, -1.1442691981810593, 0.39516592583969934, -0.650958120700772]
[   7.97921263 -106.41465648   23.94163267];[1.5797301060646227, -1.1350309058970478, 0.13780838274228657, -0.6447026365845437]
[   7.98114653 -106.39661771   31.93010764];[1.7677402481253897, -1.1132916011955785, -0.11919130342328184, -0.628718797310944]
[   7.9833607  -106.37818994   39.91926389];[1.9405596412134116, -1.0754729189513703, -0.37754653747990846, -0.5999385757657193]
[  15.96838006 -106.37821231   39.92143435];[1.9323869879544098, -1.2930638104794991, -0.3761080419838122, -0.3527866733912236]
[  15.96429958 -106.39673959   31.93192296];[1.7619202526266358, -1.3346209947371337, -0.1182869646955416, -0.377017680205083]
[  15.96067431 -106.41484008   23.94304194];[1.5753764575664424, -1.3586921634058458, 0.13799596734583142, -0.38995574348139556]
[  15.95646591 -106.44243262   15.95646594];[1.369148188065587, -1.3691482166703675, 0.39451340247151223, -0.39451339343489683]
[  15.95463142 -106.45043158    7.97657645];[1.1440017805208729, -1.3723736848728443, 0.6507712478035994, -0.395023819944784]
[ 1.59534497e+01 -1.06458381e+02  4.23022248e-10];[0.9024676493100061, -1.3725892843144245, 0.9024676615193712, -0.3946231022580712]
[  15.95463142 -106.45043158   -7.97657645];[0.6507712433368644, -1.3723736712088979, 1.144001792989058, -0.39502381790619595]
[  15.95646591 -106.4424326   -15.95646594];[0.3945134040620546, -1.3691482099183974, 1.3691481923037396, -0.39451339115039463]
[  15.96067431 -106.41484011  -23.94304194];[0.13799596602452602, -1.358692168487257, 1.5753764491793887, -0.3899557412267384]
[  15.96429958 -106.3967396   -31.93192296];[-0.11828697211593325, -1.3346209634439974, 1.761920242510492, -0.37701767905886074]
[  15.96838007 -106.37821228  -39.92143435];[-0.37610805119103297, -1.2930637879340947, 1.9323869796728124, -0.35278667005808206]
[  23.95571058 -106.37741824  -39.92458248];[-0.3768222172595991, -1.4913116091643475, 1.914030024015614, -0.10430806165768769]
[  23.95024673 -106.3960405   -31.93464734];[-0.12014160328448238, -1.5361585802513114, 1.746861005091322, -0.12450433698017788]
[  23.94520993 -106.41448644  -23.94520998];[0.13466642524195357, -1.562474091302717, 1.5624740884629535, -0.1346664188038767]
[  23.94190031 -106.42307637  -15.95988911];[0.3898077224101173, -1.575073948063475, 1.3584008042651547, -0.13788551765875262]
[  23.93935808 -106.43066272   -7.97840788];[0.6443405495974567, -1.5791525952037146, 1.134517487717138, -0.13760333534032412]
[ 2.39377420e+01 -1.06438173e+02  7.01256156e-14];[0.8944013220492146, -1.579651956977413, 0.8944013196269575, -0.137007329070195]
[  23.93935808 -106.4306627     7.97840788];[1.1345174818187704, -1.5791526072782969, 0.644340537913269, -0.13760333058279184]
[  23.94190031 -106.42307636   15.95988912];[1.358400812808614, -1.5750739355118666, 0.3898077084322736, -0.1378855180340359]
[  23.94520993 -106.41448643   23.94520998];[1.5624740831949795, -1.5624740908456407, 0.1346664293051023, -0.13466642075992113]
[  23.95024673 -106.39604051   31.93464734];[1.7468610074195683, -1.536158571474196, -0.12014160716664132, -0.12450433490460491]
[  23.95571058 -106.37741821   39.92458249];[1.9140300344920353, -1.491311624611906, -0.3768222102656883, -0.10430806255019912]
[  31.94454206 -106.37521849   39.92834776];[1.8805561258312016, -1.6689599394482744, -0.3829360259892873, 0.14499064984049367]
[  31.93808838 -106.39396053   31.93808845];[1.717185657533423, -1.7171856586039496, -0.12813774482834622, 0.12813775391812499]
[  31.93457018 -106.39650168   23.95018831];[1.5361413904461751, -1.7468435474237063, 0.12449760312441495, 0.12014666017983708]
[  31.93055152 -106.40463049   15.96358561];[1.3343421412863383, -1.7616249821055914, 0.37687268028692866, 0.1183674365557924]
[  31.92740012 -106.41178893    7.9804233 ];[1.1128054151023654, -1.7671820238504914, 0.6283720536516625, 0.11933639214914367]
[ 3.19254267e+01 -1.06418844e+02 -8.75358338e-10];[0.8754161922301189, -1.7682233255962565, 0.8754161857787225, 0.12010347659691518]
[  31.92740012 -106.4117889    -7.98042331];[0.62837205691466, -1.7671820341334343, 1.1128054074812253, 0.11933639394959057]
[  31.93055152 -106.40463049  -15.96358561];[0.37687268644821686, -1.76162498909914, 1.3343421303381433, 0.11836743877139128]
[  31.93457019 -106.39650169  -23.95018831];[0.1244976189043335, -1.7468435190295841, 1.5361413861892863, 0.12014664950657519]
[  31.93808838 -106.39396053  -31.93808845];[-0.12813774587896684, -1.7171856381536548, 1.7171856343485752, 0.12813775678321807]
[  31.94454206 -106.3752185   -39.92834776];[-0.3829360202368519, -1.668959967470888, 1.880556104253963, 0.1449906512372097]
[  39.93260478 -106.37146192  -39.93260486];[-0.3973647468272724, -1.827600646267145, 1.827600654069249, 0.3973647556827174]
[  39.92834776 -106.37521807  -31.94454218];[-0.14499063320317598, -1.8805561148628265, 1.6689599691748644, 0.38293601931958554]
[  39.92443689 -106.37813516  -23.95562571];[0.1042973375807022, -1.914002868817963, 1.4912853930908179, 0.3768281420049023]
[  39.9198286  -106.38582522  -15.96773993];[0.3526457628135084, -1.932102197911814, 1.2928004055253752, 0.37616463895182933]
[  39.91614827 -106.39256773   -7.98272604];[0.5996120324669874, -1.9400294236472502, 1.0750216095095966, 0.3776437216379154]
[ 3.99138647e+01 -1.06399157e+02 -2.74871428e-10];[0.8419933929390357, -1.9419555617831483, 0.8419933898728029, 0.378529283930151]
[  39.91614827 -106.39256773    7.98272604];[1.0750216236903523, -1.9400294324103415, 0.5996120416360077, 0.3776437128478247]
[  39.9198286  -106.38582523   15.96773993];[1.2928004164169469, -1.932102204881568, 0.35264576206471004, 0.37616463540466566]
[  39.92443689 -106.37813516   23.95562571];[1.4912853933611876, -1.914002870060056, 0.10429733818139736, 0.3768281397362291]
[  39.92834776 -106.37521807   31.94454218];[1.6689599629322682, -1.8805561235309813, -0.14499063869241266, 0.382936028291042]
[  39.93260477 -106.37146196   39.93260485];[1.8276006658893305, -1.827600635794772, -0.3973647491977354, 0.39736475340727295]
[  39.91042418 -114.32742313   39.91042422];[1.5568172925513282, -1.5568173028287282, -0.5266206995378826, 0.5266207056160794]
[  39.90648398 -114.33211761   31.93129159];[1.3980444381470571, -1.6134473638689248, -0.283591338905221, 0.5070732284731913]
[  39.90287214 -114.33507234   23.94874167];[1.2257371741726564, -1.6524022476252276, -0.04835737908161859, 0.49587694471995614]
[  39.89821042 -114.34220282   15.96485911];[1.038771344588676, -1.676878362370011, 0.18170833809897322, 0.4904441239373614]
[  39.8944674  -114.34842231    7.98190604];[0.8383216511077669, -1.6900402071495653, 0.4071594944958512, 0.4883647924852037]
[ 3.98919633e+01 -1.14354320e+02  5.68353980e-10];[0.6267419520156036, -1.6940211990057583, 0.6267419600195248, 0.48790322789728624]
[  39.89446739 -114.34842231   -7.98190604];[0.40715949336121576, -1.6900402273296913, 0.8383216340988231, 0.48836479930222415]
[  39.89821042 -114.3422028   -15.96485911];[0.18170832940192722, -1.676878344216475, 1.0387713420477451, 0.4904441241710359]
[  39.90287215 -114.33507232  -23.94874168];[-0.04835737532138338, -1.6524022597599308, 1.2257371733387004, 0.4958769475087437]
[  39.90648398 -114.33211763  -31.93129159];[-0.2835913377414909, -1.6134473601711032, 1.3980444399534495, 0.5070732297674199]
[  39.91042418 -114.32742312  -39.91042423];[-0.5266206995520073, -1.5568172858542142, 1.5568172693501772, 0.5266207098324216]
[  31.93129148 -114.33211794  -39.90648394];[-0.5070732295515095, -1.3980444396024667, 1.6134473359468768, 0.2835913479567134]
[  31.92455805 -114.34863956  -31.92455809];[-0.26237953930172975, -1.4492823668630368, 1.4492823527292225, 0.26237954423715903]
[  31.92117276 -114.35060986  -23.94327143];[-0.02446142542787999, -1.4840898319345819, 1.2728262730640656, 0.24980446311721755]
[  31.91702263 -114.35773486  -15.96083562];[0.2089560293248773, -1.5052558798209779, 1.0819471530609268, 0.24349484629139942]
[  31.91376227 -114.364087     -7.97974304];[0.43822879761635486, -1.5162352628043856, 0.8775354723780145, 0.24096237846338123]
[ 3.19116247e+01 -1.14370303e+02 -2.45304818e-10];[0.6618681174778909, -1.519443696387988, 0.6618681110410847, 0.24038054383145308]
[  31.91376227 -114.36408702    7.97974304];[0.8775354671054652, -1.516235236242766, 0.43822878109608093, 0.24096238655935276]
[  31.91702263 -114.35773484   15.96083563];[1.0819471613167235, -1.5052558950849573, 0.20895602566594834, 0.2434948479394283]
[  31.92117276 -114.35060986   23.94327143];[1.2728262763469786, -1.4840898665291462, -0.02446141678499376, 0.2498044617570776]
[  31.92455804 -114.3486396    31.92455808];[1.449282354394097, -1.4492823762401965, -0.262379541102679, 0.26237954844818046]
[  31.93129147 -114.33211799   39.90648393];[1.6134473326775338, -1.3980444550369115, -0.5070732242379934, 0.2835913517146683]
[  23.94879997 -114.33469552   39.90298287];[1.6524161786393687, -1.225749648758353, -0.49587470150122354, 0.0483522632261785]
[  23.94327729 -114.35057381   31.92118102];[1.4840911311323013, -1.2728275263299709, -0.24980411688751786, 0.02446094822036951]
[  23.93829745 -114.36463802   23.93829749];[1.303882930430543, -1.303882916472768, -0.01002113824358477, 0.010021137807026653]
[  23.93491136 -114.37166627   15.95726751];[1.1101109079361642, -1.322534106484238, 0.2258400382041768, 0.0023936356590521513]
[  23.93226514 -114.37822133    7.97784326];[0.9028920567432134, -1.3318994212612327, 0.4578539284803345, -0.0008459819411668346]
[ 2.39305461e+01 -1.14384750e+02 -1.57671606e-10];[0.6843605158291935, -1.3345460438095573, 0.6843605122250297, -0.0016298405105154845]
[  23.93226515 -114.37822132   -7.97784326];[0.45785393970625743, -1.3318994056797402, 0.9028920470949845, -0.0008459849599415925]
[  23.93491135 -114.37166631  -15.9572675 ];[0.22584004086617743, -1.322534105789385, 1.1101108923011658, 0.0023936385201550614]
[  23.93829745 -114.36463802  -23.93829749];[-0.01002113416176039, -1.3038829398062945, 1.303882919473462, 0.01002114127109563]
[  23.94327729 -114.35057383  -31.92118101];[-0.24980412496871301, -1.2728274977292444, 1.484091125738824, 0.02446095183642913]
[  23.94879998 -114.3346955   -39.90298288];[-0.4958747026271211, -1.2257496474887013, 1.6524161721529036, 0.04835226324336919]
[  15.96552286 -114.33580371  -39.90013777];[-0.4904109063694099, -1.0389683551100466, 1.6771149516889707, -0.18181655004583663]
[  15.96155386 -114.35123432  -31.91854805];[-0.24343848787613745, -1.0821530361580889, 1.5054885932609763, -0.20906554307840094]
[  15.95803592 -114.36504114  -23.93608342];[-0.0023128865705468946, -1.1103225098389218, 1.3227606541861774, -0.22594941786914527]
[  15.95411149 -114.38484562  -15.95411151];[0.23498033794628648, -1.1265209782675079, 1.1265209570308126, -0.23498032745157282]
[  15.95220934 -114.39165172   -7.9761797 ];[0.4687585673713254, -1.1346497303850698, 0.91745524333048, -0.23909132888566403]
[ 1.59509805e+01 -1.14398482e+02 -6.28752130e-10];[0.6970939871265335, -1.136883638467325, 0.6970939723383149, -0.2401273380779739]
[  15.95220929 -114.3916517     7.97617896];[0.9174549851195171, -1.1346497648802567, 0.4687589979744276, -0.2390912821543258]
[  15.95411148 -114.38484564   15.95411151];[1.1265209695949836, -1.1265209781956205, 0.23498033076329955, -0.23498032740373428]
[  15.95803592 -114.36504111   23.93608343];[1.3227606601833757, -1.1103225181201697, -0.0023128843714621886, -0.22594942216695893]
[  15.96155387 -114.3512343    31.91854805];[1.5054886201704825, -1.0821530156183627, -0.24343849353302635, -0.20906554593638035]
[  15.96552285 -114.33580375   39.90013776];[1.6771149506855638, -1.0389683501571705, -0.49041090955415306, -0.18181654939386527]
[   7.98255178 -114.33609639   39.89824571];[1.690494760832895, -0.8386641024550426, -0.4883077719172913, -0.4074125042245628]
[   7.98046359 -114.35123722   31.91683991];[1.516692932187182, -0.8779019713456331, -0.24085770658092764, -0.43849533271801944]
[   7.97863116 -114.3648698    23.93467957];[1.3323529958235052, -0.9032754284882014, 0.0010024370418022371, -0.4581289567886971]
[   7.97662293 -114.38441025   15.95310033];[1.134878414582131, -0.9176618872554639, 0.23920451008492996, -0.46890540033142253]
[   7.97478519 -114.4049197     7.97478521];[0.9243547377682408, -0.9243547881126012, 0.47370995594016996, -0.47370994014644724]
[ 7.97413186e+00 -1.14412039e+02  4.23344219e-11];[0.7030123042597987, -0.9262575043945138, 0.7030123062630163, -0.4750247204123479]
[   7.97478519 -114.40491967   -7.97478521];[0.473709951835288, -0.9243547441475375, 0.9243547329539145, -0.4737099373424086]
[   7.97662293 -114.38441024  -15.95310033];[0.23920451996975964, -0.9176618883779742, 1.1348784014874447, -0.4689054027625497]
[   7.97863116 -114.36486977  -23.93467958];[0.0010024459138944092, -0.9032754232788575, 1.3323529912401006, -0.4581289622466279]
[   7.98046359 -114.35123718  -31.91683992];[-0.24085769732681833, -0.8779020006128402, 1.516692930964865, -0.4384953315418395]
[   7.98255178 -114.33609637  -39.89824572];[-0.4883077743173309, -0.8386641064305222, 1.6904947444272282, -0.40741250531693907]
[-1.59684095e-09 -1.14336121e+02 -3.98975781e+01];[-0.48782289068255597, -0.6271833732212995, 1.6946912883785497, -0.6271833450102776]
[-2.15055807e-09 -1.14351158e+02 -3.19162439e+01];[-0.24022838950621128, -0.6623421096434718, 1.520123888212229, -0.6623420689937478]
[-1.68687505e-09 -1.14364727e+02 -2.39341953e+01];[0.0018608191482267916, -0.6848571366798015, 1.3352240650132092, -0.6848570986978603]
[-1.42835166e-09 -1.14384168e+02 -1.59527557e+01];[0.2403487207638746, -0.6974455560192204, 1.1373339095575241, -0.6974455215632098]
[-1.00404116e-09 -1.14404685e+02 -7.97459684e+00];[0.4751699753362911, -0.7031907242539677, 0.9264645612997151, -0.7031906979150576]
[-1.67692815e-09 -1.14425345e+02 -3.98594846e-10];[0.7044701852207947, -0.7044702230480302, 0.7044701823692273, -0.7044701808916105]
[-4.64515342e-10 -1.14404685e+02  7.97459684e+00];[0.9264645948545539, -0.7031907150359963, 0.47516997460817434, -0.7031907021150634]
[-2.15929502e-09 -1.14384168e+02  1.59527557e+01];[1.1373339261250064, -0.6974455716451914, 0.24034872468442345, -0.6974455206629472]
[-1.83209515e-09 -1.14364727e+02  2.39341953e+01];[1.3352240754256322, -0.684857141410246, 0.0018608200143123838, -0.6848571015471316]
[-1.36229812e-09 -1.14351158e+02  3.19162439e+01];[1.520123880930371, -0.6623420734299682, -0.2402283948614991, -0.662342064381964]
[-1.85915738e-09 -1.14336121e+02  3.98975781e+01];[1.6946912877479492, -0.627183377579882, -0.48782287953706666, -0.6271833467573035]
[  -7.98255178 -114.33609639   39.89824572];[1.6904947595113724, -0.40741251928138456, -0.4883077726859284, -0.8386640905414346]
[  -7.98046359 -114.3512372    31.91683992];[1.5166929277112335, -0.4384953450379473, -0.2408577019746724, -0.8779019688810104]
[  -7.97863116 -114.36486979   23.93467958];[1.3323529850006124, -0.4581289809901992, 0.0010024388159819014, -0.9032754073447304]
[  -7.97662293 -114.38441024   15.95310033];[1.1348784013145574, -0.46890541433826527, 0.23920450591640752, -0.9176618506751327]
[  -7.97478519 -114.40491969    7.97478521];[0.9243547503827484, -0.47370995113085046, 0.4737099362052932, -0.9243547316470033]
[-7.97413186e+00 -1.14412039e+02  8.68945211e-11];[0.7030122972880513, -0.4750247485238316, 0.7030122991158223, -0.9262574613061627]
[  -7.97478519 -114.4049197    -7.97478521];[0.473709949234609, -0.4737099574439214, 0.9243547308046123, -0.924354733042196]
[  -7.97662293 -114.38441022  -15.95310033];[0.23920450364989426, -0.4689054091038406, 1.1348784052898861, -0.9176618460299731]
[  -7.97863116 -114.36486981  -23.93467957];[0.001002443531059355, -0.45812897379686723, 1.332352985735612, -0.9032754020292721]
[  -7.98046359 -114.35123721  -31.91683991];[-0.2408577019411842, -0.4384953475157217, 1.5166929299462049, -0.8779019644745797]
[  -7.98255178 -114.33609638  -39.89824572];[-0.4883077702478642, -0.4074125233127851, 1.690494744019339, -0.8386640832755886]
[ -15.96552286 -114.33580373  -39.90013776];[-0.49041091362968575, -0.18181656381227032, 1.6771149467327147, -1.0389683188180632]
[ -15.96155387 -114.3512343   -31.91854805];[-0.24343849023231107, -0.209065562216519, 1.5054885923324337, -1.082152996344631]
[ -15.95803592 -114.36504114  -23.93608342];[-0.0023128883200966566, -0.22594943174703047, 1.3227606524647895, -1.1103224859457999]
[ -15.95411149 -114.38484562  -15.95411151];[0.23498035427015715, -0.23498034843411927, 1.1265209599336998, -1.126520949410199]
[ -15.95220932 -114.39165168   -7.97617933];[0.46875877670086474, -0.23909135085879368, 0.9174551022835455, -1.134649737192299]
[-1.59509805e+01 -1.14398482e+02  1.77648277e-10];[0.6970939657371135, -0.24012736144595578, 0.6970939713689422, -1.1368836131858049]
[ -15.95220932 -114.39165172    7.97617933];[0.9174551153928147, -0.23909132304548908, 0.4687587690817169, -1.1346497372457012]
[ -15.95411149 -114.38484563   15.95411151];[1.1265209553839786, -0.23498034135318788, 0.23498033356692205, -1.126520957206806]
[ -15.95803592 -114.36504113   23.93608342];[1.3227606548895103, -0.22594942626237197, -0.0023128884197192168, -1.1103224893690098]
[ -15.96155387 -114.35123432   31.91854805];[1.5054885975768073, -0.20906555598182797, -0.24343849104252052, -1.0821530053309514]
[ -15.96552285 -114.33580374   39.90013776];[1.677114965345718, -0.18181657963413633, -0.4904109055564147, -1.0389683174927722]
[ -23.94879997 -114.33469552   39.90298288];[1.6524161710949772, 0.04835224845687258, -0.4958746940351668, -1.2257496297101893]
[ -23.94327729 -114.35057385   31.921181  ];[1.484091141267764, 0.024460947484775536, -0.2498041236259591, -1.2728275008385048]
[ -23.93829745 -114.36463801   23.93829749];[1.3038829241278937, 0.010021129041732801, -0.010021134980390811, -1.3038829139922503]
[ -23.93491136 -114.37166624   15.95726751];[1.1101108982494443, 0.00239363549212121, 0.22584003343887038, -1.3225340920938935]
[ -23.93226514 -114.37822134    7.97784326];[0.9028920639423171, -0.0008459953766851713, 0.45785392092585625, -1.3318993841480347]
[-2.39305461e+01 -1.14384750e+02 -6.18926960e-10];[0.684360520212921, -0.0016298510928853538, 0.6843605073797314, -1.3345459927306353]
[ -23.93226514 -114.37822136   -7.97784326];[0.45785393380572137, -0.000846016184531756, 0.9028920403135923, -1.3318993841305728]
[ -23.93491136 -114.37166626  -15.95726751];[0.22584005776416866, 0.0023936054037739796, 1.1101108795475676, -1.3225340887165986]
[ -23.93829745 -114.36463802  -23.93829749];[-0.01002112701898783, 0.010021117332740248, 1.3038829077470078, -1.303882910823887]
[ -23.9432773  -114.35057382  -31.92118102];[-0.24980410950277848, 0.024460927196502835, 1.4840911123190585, -1.2728274888534514]
[ -23.94879998 -114.33469549  -39.90298288];[-0.49587470148796464, 0.048352250710088585, 1.6524161647010878, -1.2257496195353288]
[ -31.93129147 -114.33211797  -39.90648394];[-0.507073224295818, 0.2835913436528555, 1.613447325096622, -1.3980444199876922]
[ -31.92455804 -114.3486396   -31.92455808];[-0.2623795404564752, 0.26237954110785716, 1.4492823500127958, -1.4492823396199896]
[ -31.92117276 -114.35060986  -23.94327143];[-0.024461419968754464, 0.24980446058313566, 1.2728262671540178, -1.4840898263496975]
[ -31.91702263 -114.35773485  -15.96083563];[0.2089560375387094, 0.2434948434141832, 1.0819471441227493, -1.5052558638664912]
[ -31.91376226 -114.36408703   -7.97974304];[0.43822878356268047, 0.24096238440731838, 0.877535456840644, -1.5162352297662367]
[-3.19116247e+01 -1.14370303e+02  1.22103629e-11];[0.6618681127821543, 0.24038054210072515, 0.6618681197626952, -1.5194436780230465]
[ -31.91376226 -114.36408705    7.97974304];[0.877535470276704, 0.24096238173393167, 0.4382287818522367, -1.5162352247476194]
[ -31.91702263 -114.35773483   15.96083563];[1.081947153326427, 0.24349484759559842, 0.20895602587519047, -1.5052558676364793]
[ -31.92117276 -114.35060987   23.94327143];[1.2728262747936547, 0.24980445752558886, -0.024461417651738357, -1.4840898226695138]
[ -31.92455804 -114.3486396    31.92455809];[1.449282339236682, 0.2623795435231788, -0.2623795356902899, -1.4492823459505701]
[ -31.93129148 -114.33211794   39.90648394];[1.6134473254383987, 0.28359134395190266, -0.5070732245403589, -1.3980444186028318]
[ -39.91042418 -114.32742312   39.91042423];[1.556817258599, 0.5266207126448618, -0.5266206939297189, -1.5568172669110942]
[ -39.90648399 -114.33211758   31.9312916 ];[1.3980444374868033, 0.5070732387047053, -0.2835913291466746, -1.6134473462182055]
[ -39.90287215 -114.33507231   23.94874168];[1.2257371867007707, 0.4958769479445423, -0.048357371143373226, -1.6524022433190657]
[ -39.89821043 -114.34220279   15.96485911];[1.038771353220453, 0.49044413069135423, 0.1817083289846108, -1.6768783245019852]
[ -39.8944674  -114.34842231    7.98190604];[0.8383216625150819, 0.48836480902085166, 0.4071594913403788, -1.690040191605731]
[-3.98919633e+01 -1.14354320e+02 -1.03325791e-10];[0.6267419634080376, 0.487903249638325, 0.62674195449745, -1.69402116170757]
[ -39.89446738 -114.34842235   -7.98190604];[0.40715950671778434, 0.4883648232064065, 0.8383216245796882, -1.690040186323289]
[ -39.89821042 -114.3422028   -15.96485911];[0.18170834247336992, 0.49044411864883863, 1.038771343619569, -1.6768783181850786]
[ -39.90287215 -114.3350723   -23.94874168];[-0.04835736801957727, 0.4958769398953093, 1.2257371701140678, -1.6524022369565805]
[ -39.90648398 -114.33211762  -31.93129159];[-0.2835913319918903, 0.5070732364839063, 1.398044426504785, -1.613447336454575]
[ -39.91042417 -114.32742313  -39.91042422];[-0.5266207041649582, 0.5266207101757959, 1.5568172699259932, -1.5568172667185556]
[ -39.8834159  -122.26396664  -39.88341591];[-0.6639252892675845, 0.6639253095880637, 1.3067484013413038, -1.306748416803122]
[ -39.88101086 -122.27295432  -31.91438721];[-0.42632406770059106, 0.6376518526290368, 1.1509794510413192, -1.3669298112938728]
[ -39.87849183 -122.27822996  -23.93867713];[-0.20097191900699815, 0.6207120548657934, 0.985660604436378, -1.409806636002907]
[ -39.87421687 -122.28599231  -15.95934199];[0.01579247492801049, 0.6105776050114826, 0.8096528380450718, -1.4381996890082602]
[ -39.87061857 -122.29225748   -7.97952564];[0.2255281581892779, 0.6053298190824079, 0.6234935463404788, -1.4543180220192253]
[-3.98679361e+01 -1.22297520e+02  4.14735127e-10];[0.42830156415915854, 0.6037298540093811, 0.4283015628545665, -1.459422199152058]
[ -39.87061857 -122.29225746    7.97952564];[0.6234935447696782, 0.605329842671393, 0.22552815492323147, -1.454318025228198]
[ -39.87421687 -122.2859923    15.95934199];[0.809652852648318, 0.6105776120036331, 0.015792459036384862, -1.4381996995836246]
[ -39.87849183 -122.27822997   23.93867713];[0.9856606036377558, 0.6207120625592073, -0.20097191389784752, -1.4098066341062414]
[ -39.88101085 -122.27295434   31.9143872 ];[1.1509794633399777, 0.6376518530024708, -0.42632407366007397, -1.3669298234142797]
[ -39.8834159  -122.26396664   39.88341591];[1.306748407192068, 0.6639253088054696, -0.6639252914255093, -1.3067484169529022]
[ -31.91438711 -122.27295462   39.88101074];[1.3669298029900148, 0.4263240814695184, -0.6376518387223671, -1.1509794531976045]
[ -31.90832152 -122.28914809   31.90832153];[1.2053669713416255, 0.3995409018865981, -0.3995408894733409, -1.205366976045379]
[ -31.90555588 -122.29303513   23.93368853];[1.0353998494357173, 0.3820131236970148, -0.17240782838579316, -1.2439231193066138]
[ -31.90170833 -122.30009653   15.95574092];[0.8551868279722815, 0.3714605313471756, 0.04694175238121752, -1.2690918193770488]
[ -31.89852615 -122.30624429    7.97760731];[0.6650630922829184, 0.365980220604446, 0.2598132653781211, -1.2831801097100584]
[-3.18962700e+01 -1.22311708e+02  5.87346614e-10];[0.46609505207432583, 0.36432252390354136, 0.46609504824903286, -1.2875891286406063]
[ -31.89852615 -122.30624431   -7.97760731];[0.259813272536826, 0.36598020828669475, 0.6650630905493775, -1.283180106816256]
[ -31.90170834 -122.3000965   -15.95574092];[0.04694175239314899, 0.3714605252665981, 0.855186832958633, -1.269091821229764]
[ -31.90555588 -122.29303513  -23.93368852];[-0.17240783369787815, 0.38201312135492416, 1.035399857444785, -1.243923122362427]
[ -31.90832152 -122.28914808  -31.90832154];[-0.3995408839520098, 0.399540899581194, 1.205366957688363, -1.2053669728664065]
[ -31.9143871  -122.27295464  -39.88101073];[-0.6376518479173872, 0.4263240787030196, 1.3669298089993258, -1.1509794487655807]
[ -23.93870125 -122.27812179  -39.87853961];[-0.6207117779414516, 0.20097068551835945, 1.4098106784824067, -0.9856638916957563]
[ -23.93368844 -122.29303543  -31.9055558 ];[-0.3820131154228, 0.1724078395427651, 1.2439231020393895, -1.03539985063902]
[ -23.92925392 -122.30453312  -23.92925393];[-0.1535263455449638, 0.15352634716010466, 1.0700754182034786, -1.0700754247380038]
[ -23.92612089 -122.31111992  -15.95259689];[0.06779890067949394, 0.14197391882032256, 0.8867029443970076, -1.092608809252369]
[ -23.9235381  -122.31727948   -7.97594413];[0.28302021786281484, 0.13592484406691374, 0.6936472875476875, -1.1050610446715459]
[-2.39217585e+01 -1.22322942e+02 -1.59091250e-09];[0.4918996247641655, 0.1340987229449339, 0.4918996047336151, -1.1089161140186408]
[ -23.92353809 -122.31727949    7.97594413];[0.6936472728101419, 0.13592485960716888, 0.28302018811053936, -1.105061051417301]
[ -23.92612089 -122.31111992   15.95259688];[0.8867029430270141, 0.14197392691135557, 0.06779889092560801, -1.0926088095666768]
[ -23.92925392 -122.30453313   23.92925393];[1.0700754219734236, 0.15352634115155417, -0.15352634168627602, -1.0700754221773852]
[ -23.93368844 -122.29303545   31.9055558 ];[1.243923098592759, 0.1724078362525101, -0.3820131129922949, -1.0353998491140397]
[ -23.93870125 -122.27812181   39.87853959];[1.4098106895782785, 0.20097069070807178, -0.6207117785737964, -0.9856638996664459]
[ -15.9600669  -122.28095127   39.87645698];[1.438391151547498, -0.015867324414404443, -0.6105675839920119, -0.8097932722138568]
[ -15.9564938  -122.29504458   31.90338021];[1.2692707419246299, -0.047018152685223163, -0.37142675650935675, -0.8553340235007524]
[ -15.95337472 -122.30606408   23.92733337];[1.0927750336694142, -0.06787485373157734, -0.14191944842389143, -0.8868533515285821]
[ -15.94996203 -122.32005581   15.94996204];[0.9069032907868858, -0.08068478349023578, 0.08068477350728061, -0.9069032759382234]
[ -15.94812116 -122.32631543    7.97455791];[0.711813035648906, -0.08751687061876065, 0.2975135200655332, -0.9179892395134721]
[-1.59468760e+01 -1.22332168e+02 -1.01826447e-09];[0.5081640203626223, -0.08958100000785726, 0.5081639949992953, -0.9213912210789796]
[ -15.94812115 -122.32631545   -7.97455791];[0.297513521128006, -0.0875168615706085, 0.711813027020127, -0.9179892399911647]
[ -15.94996203 -122.32005582  -15.94996204];[0.0806847773444499, -0.0806847789080947, 0.9069032806383148, -0.9069032737296422]
[ -15.95337472 -122.3060641   -23.92733336];[-0.141919448818017, -0.06787485100352969, 1.0927750336382671, -0.8868533527386626]
[ -15.9564938  -122.29504456  -31.90338022];[-0.3714267521604268, -0.04701816466540257, 1.2692707316957805, -0.8553340178859629]
[ -15.9600669  -122.2809513   -39.87645696];[-0.6105676013032252, -0.015867319362003085, 1.4383911559551485, -0.8097932677701235]
[  -7.98023061 -122.28230446  -39.87506875];[-0.6053136875840068, -0.22571022305512872, 1.4546982196899445, -0.6237415420292367]
[  -7.9783696  -122.29592125  -31.90198075];[-0.3659149349644133, -0.26000761044342613, 1.28354722932816, -0.665331345449873]
[  -7.97675671 -122.30665903  -23.92612175];[-0.135813722844434, -0.28322113620543554, 1.105411198096161, -0.6939282958150392]
[  -7.97502409 -122.32038806  -15.94907196];[0.08760295103696442, -0.29762496445942177, 0.918167151134666, -0.7119706472640219]
[  -7.97350637 -122.3337674    -7.97350638];[0.30525109399456357, -0.3052511005462684, 0.7216682762054775, -0.7216682787530423]
[-7.97285768e+00 -1.22339797e+02 -1.50539542e-10];[0.5169178550184345, -0.3075989151478907, 0.5169178516369718, -0.724681099923041]
[  -7.97350637 -122.33376741    7.97350638];[0.721668277643345, -0.30525111675022487, 0.30525109893225666, -0.721668275439816]
[  -7.97502409 -122.32038805   15.94907196];[0.9181671932925566, -0.29762495057421523, 0.08760294470387947, -0.7119706503867339]
[  -7.97675671 -122.306659     23.92612176];[1.105411197717517, -0.28322115459536823, -0.13581372163121413, -0.6939283008892598]
[  -7.9783696  -122.29592126   31.90198074];[1.283547225672611, -0.26000761405832484, -0.36591493027402344, -0.665331343892837]
[  -7.98023061 -122.28230444   39.87506876];[1.4546982146778191, -0.2257102397214549, -0.6053136760227218, -0.6237415410855055]
[-1.50616550e-09 -1.22282696e+02  3.98745810e+01];[1.4599894062722027, -0.42862300639443635, -0.6037078907790917, -0.4286229783426417]
[-1.38781238e-09 -1.22296155e+02  3.19014966e+01];[1.2881428135306232, -0.4664449470442695, -0.36422627941806995, -0.46644491998793436]
[-1.56122761e-09 -1.22306798e+02  2.39257064e+01];[1.1094486240938841, -0.49226757721201786, -0.1339317239548865, -0.4922675405419278]
[-5.24347154e-10 -1.22320435e+02  1.59487690e+01];[0.921743353490808, -0.5084315398186154, 0.08975025443962188, -0.5084315247455337]
[-1.64550468e-09 -1.22333829e+02  7.97333843e+00];[0.7248395585929085, -0.5170534599587672, 0.3077096860265826, -0.5170534148602288]
[-1.47291728e-09 -1.22345725e+02  3.56363952e-10];[0.5195866670097039, -0.5195867022950992, 0.5195866755465793, -0.5195866622486048]
[-6.08672186e-10 -1.22333829e+02 -7.97333843e+00];[0.30770966530356975, -0.5170534319005979, 0.7248395551587962, -0.5170534146439172]
[-3.57568453e-10 -1.22320435e+02 -1.59487690e+01];[0.0897502442314876, -0.5084315287238654, 0.9217433486100675, -0.5084315248232198]
[-6.33045384e-10 -1.22306798e+02 -2.39257064e+01];[-0.1339317288767376, -0.49226755713503323, 1.109448617793974, -0.49226754051247856]
[-1.23782407e-10 -1.22296155e+02 -3.19014966e+01];[-0.36422628818128633, -0.46644492714092567, 1.2881428041737368, -0.46644492341139304]
[-2.54806439e-10 -1.22282696e+02 -3.98745810e+01];[-0.6037079054350201, -0.4286229830662239, 1.4599894009640717, -0.42862297862566917]
[   7.98023061 -122.28230445  -39.87506876];[-0.6053136900671334, -0.62374156270886, 1.4546982208869008, -0.22571020735049754]
[   7.9783696  -122.29592125  -31.90198075];[-0.3659149385608033, -0.6653313599762292, 1.2835472313987661, -0.2600076043085606]
[   7.97675671 -122.306659    -23.92612176];[-0.13581372467402483, -0.6939283171815138, 1.105411202109138, -0.2832211286437293]
[   7.97502408 -122.32038808  -15.94907196];[0.08760293915029979, -0.7119706659274273, 0.9181671553470673, -0.29762492767419496]
[   7.97350637 -122.33376742   -7.97350638];[0.3052510888905863, -0.7216682990549166, 0.7216682787261597, -0.3052510845553862]
[ 7.97285768e+00 -1.22339797e+02 -1.62554173e-10];[0.5169178584989491, -0.7246811172802582, 0.5169178535484305, -0.3075988848426852]
[   7.97350637 -122.3337674     7.97350638];[0.7216682774873048, -0.721668287111575, 0.30525109030202474, -0.30525108923505667]
[   7.97502409 -122.32038805   15.94907196];[0.9181671672191684, -0.7119706719010681, 0.0876029449103761, -0.297624930004384]
[   7.97675671 -122.30665901   23.92612176];[1.1054112009686214, -0.6939283262191472, -0.13581372319215734, -0.28322112986639114]
[   7.9783696  -122.29592124   31.90198075];[1.2835472400796835, -0.6653313652614268, -0.36591493046750584, -0.26000760127029887]
[   7.98023061 -122.28230445   39.87506876];[1.4546982261849806, -0.6237415579645376, -0.6053136894780667, -0.22571020653941393]
[  15.9600669  -122.28095129   39.87645697];[1.438391163141799, -0.8097932934485063, -0.6105675866043961, -0.01586730943062753]
[  15.9564938  -122.29504459   31.90338021];[1.2692707409674855, -0.8553340511615916, -0.3714267527818574, -0.047018142178003874]
[  15.95337472 -122.30606408   23.92733337];[1.0927750479889737, -0.8868533723114991, -0.14191944954616942, -0.0678748428027405]
[  15.94996202 -122.32005584   15.94996204];[0.9069032987239678, -0.9069033126769454, 0.08068477303441443, -0.08068476982778675]
[  15.94812115 -122.32631546    7.97455791];[0.7118130365457133, -0.9179892666152802, 0.2975135190620694, -0.08751685373122417]
[ 1.59468760e+01 -1.22332168e+02 -3.97276860e-10];[0.5081640063751707, -0.9213912306590458, 0.5081639974603991, -0.08958098274947943]
[  15.94812115 -122.32631543   -7.97455791];[0.2975135163346498, -0.9179892685904915, 0.7118130346710253, -0.08751685363341061]
[  15.94996202 -122.32005583  -15.94996204];[0.08068477203671487, -0.9069032827067871, 0.9069032788953545, -0.08068476785506326]
[  15.95337472 -122.3060641   -23.92733336];[-0.14191944751029872, -0.8868533864815232, 1.092775036466509, -0.06787483839735259]
[  15.9564938  -122.29504457  -31.90338021];[-0.37142675787828083, -0.8553340317562244, 1.2692707360816455, -0.04701814653849526]
[  15.9600669  -122.28095128  -39.87645697];[-0.6105675884215291, -0.8097932864748043, 1.4383911584442528, -0.015867316563208833]
[  23.93870125 -122.27812178  -39.87853961];[-0.6207117777244425, -0.9856639236453955, 1.4098106962804184, 0.20097069617923852]
[  23.93368845 -122.29303542  -31.90555581];[-0.38201311820239775, -1.0353998591094327, 1.2439231126952675, 0.17240784097719614]
[  23.92925392 -122.30453312  -23.92925393];[-0.15352634317169095, -1.07007546109719, 1.0700754202855771, 0.15352635268550469]
[  23.92612089 -122.31111992  -15.95259689];[0.06779890082430748, -1.0926088363593405, 0.8867029408769611, 0.14197392892102328]
[  23.9235381  -122.31727945   -7.97594413];[0.28302019508616744, -1.1050610786233475, 0.693647277830023, 0.13592486570053874]
[ 2.39217585e+01 -1.22322942e+02 -3.49082478e-10];[0.4918996151149758, -1.1089161362314752, 0.4918996059956927, 0.13409873794568083]
[  23.92353809 -122.31727949    7.97594413];[0.6936472735421328, -1.1050610849049298, 0.2830201920623043, 0.1359248672066607]
[  23.92612088 -122.31111993   15.95259688];[0.8867029512761433, -1.0926088396597078, 0.06779889422041656, 0.14197392990249558]
[  23.92925391 -122.30453313   23.92925393];[1.0700754288498964, -1.0700754517576416, -0.15352634888381475, 0.15352635507253237]
[  23.93368844 -122.29303543   31.9055558 ];[1.2439231075477748, -1.0353998736600154, -0.3820131156915088, 0.1724078438795555]
[  23.93870124 -122.27812183   39.87853959];[1.409810702759148, -0.9856639168716319, -0.6207117809516708, 0.20097069626732394]
[  31.9143871  -122.27295463   39.88101073];[1.3669298091630218, -1.1509794720770692, -0.6376518454768394, 0.4263240835139915]
[  31.90832154 -122.28914794   31.90832135];[1.205366893985615, -1.2053671105323758, -0.39954070458912605, 0.3995409129744021]
[  31.90555588 -122.29303514   23.93368852];[1.0353998754744267, -1.2439231511673412, -0.17240783547359348, 0.3820131172900223]
[  31.90170833 -122.30009654   15.95574091];[0.8551868483075598, -1.2690918461518652, 0.046941738475876085, 0.37146052237816907]
[  31.89852614 -122.30624432    7.9776073 ];[0.6650631001766018, -1.2831801448989897, 0.25981326368415497, 0.3659802064671927]
[ 3.18962700e+01 -1.22311708e+02 -1.20682587e-10];[0.4660950523388188, -1.2875891873374148, 0.46609505136596996, 0.3643225117210332]
[  31.89852615 -122.30624431   -7.9776073 ];[0.25981326270958904, -1.2831801442480848, 0.6650630913554569, 0.36598020978218404]
[  31.90170832 -122.30009654  -15.95574091];[0.04694174471349982, -1.2690918624939167, 0.8551868346129207, 0.3714605256011181]
[  31.90555588 -122.29303515  -23.93368852];[-0.17240782769200785, -1.243923148524432, 1.0353998584794302, 0.38201311356626927]
[  31.9083215  -122.28914821  -31.90832172];[-0.39954108700935875, -1.20536690892977, 1.2053670602743995, 0.399540884516928]
[  31.91438711 -122.27295461  -39.88101074];[-0.6376518493701309, -1.1509794617462656, 1.3669298096563454, 0.4263240808696832]
[  39.88341591 -122.26396663  -39.88341591];[-0.6639252966132035, -1.3067484450612232, 1.306748412893385, 0.6639252990263178]
[  39.88101085 -122.27295434  -31.9143872 ];[-0.42632407145288975, -1.3669298518490995, 1.1509794588978184, 0.6376518434203765]
[  39.87849183 -122.27822996  -23.93867713];[-0.2009719179358815, -1.4098066542730046, 0.9856606097588269, 0.6207120475496857]
[  39.87421686 -122.28599232  -15.95934198];[0.015792456641097415, -1.4381997202143284, 0.8096528501262445, 0.6105776032115044]
[  39.87061857 -122.29225747   -7.97952564];[0.22552815884668442, -1.4543180315552398, 0.6234935435340611, 0.6053298106649307]
[ 3.98679361e+01 -1.22297520e+02 -3.05162011e-10];[0.4283015682391817, -1.4594222408498339, 0.42830156395460467, 0.6037298459875271]
[  39.87061857 -122.29225747    7.97952563];[0.6234935590036743, -1.4543180528338013, 0.22552815460961712, 0.6053298106501355]
[  39.87421686 -122.28599232   15.95934198];[0.8096528682728222, -1.4381997166618494, 0.015792462197568094, 0.610577592881948]
[  39.87849184 -122.27822994   23.93867713];[0.9856606271856092, -1.40980665567645, -0.20097192017945517, 0.6207120465889465]
[  39.88101084 -122.27295436   31.9143872 ];[1.1509794661079924, -1.3669298407997397, -0.42632407575364606, 0.6376518484808749]
[  39.8834159  -122.26396664   39.88341591];[1.3067484212587412, -1.3067484576413293, -0.6639252922669784, 0.6639253040253846]
[  39.84806052 -130.17708444   39.84806046];[1.0724454523908518, -1.0724454788314608, -0.8154697239589186, 0.8154697357423588]
[  39.8494628  -130.19574067   31.89259935];[0.9217067194609114, -1.1363327459450683, -0.5776109040551224, 0.7803113145532219]
[  39.8491867  -130.20632269   23.92518461];[0.7640372622552375, -1.1819783762879803, -0.35730437367344703, 0.7568075647327909]
[  39.84588854 -130.21600842   15.9514186 ];[0.5979203702497062, -1.2126780247254576, -0.1490771480178085, 0.7418487645532128]
[  39.84268969 -130.22286431    7.97585453];[0.4233011678803389, -1.2303921647315557, 0.049801454272992415, 0.733584609513849]
[ 3.98398692e+01 -1.30227522e+02 -1.66365976e-09];[0.24047090185440245, -1.2360904581507632, 0.24047088157962987, 0.7309377333726517]
[  39.84268969 -130.22286431   -7.97585453];[0.04980145240594984, -1.2303921449377389, 0.4233011673761926, 0.7335846072494161]
[  39.84588853 -130.21600842  -15.9514186 ];[-0.14907714308012945, -1.2126780288371095, 0.5979203479139897, 0.7418487668759599]
[  39.8491867  -130.2063227   -23.92518461];[-0.357304368194935, -1.18197838991109, 0.7640372656108068, 0.7568075586473602]
[  39.84946278 -130.19574069  -31.89259934];[-0.5776109091649209, -1.1363327228324624, 0.9217067144944457, 0.7803113101439147]
[  39.84806052 -130.17708444  -39.84806047];[-0.8154697208714375, -1.072445495869023, 1.0724454426911638, 0.8154697335557977]
[  31.89259928 -130.19574088  -39.8494626 ];[-0.7803113079738113, -0.9217067401172674, 1.1363327074986456, 0.5776109063575551]
[  31.88862068 -130.21556579  -31.88862065];[-0.5438246277570223, -0.9795322000902839, 0.9795321843768898, 0.5438246310441454]
[  31.88714119 -130.22367958  -23.921518  ];[-0.3230136209031132, -1.0208406210483727, 0.8169033263736449, 0.5209556540311789]
[  31.88394324 -130.23194594  -15.94870012];[-0.11314423505768512, -1.048454167774721, 0.646469102720397, 0.5063321752080878]
[  31.88099471 -130.23834666   -7.97437936];[0.08813411134389543, -1.0642836458495495, 0.4680076092367489, 0.4982393337273854]
[ 3.18786471e+01 -1.30243092e+02  8.52437302e-11];[0.28175492842888944, -1.0693496834321436, 0.28175492802743857, 0.495662909039718]
[  31.88099471 -130.23834667    7.97437936];[0.46800760659813395, -1.064283642611806, 0.08813410032479206, 0.4982393410889604]
[  31.88394324 -130.2319459    15.94869962];[0.6464689336818524, -1.0484542584026084, -0.11314400146795804, 0.506332190832595]
[  31.8871412  -130.22367956   23.921518  ];[0.8169033271678695, -1.0208406166532666, -0.32301362342230794, 0.520955660515826]
[  31.88862068 -130.21556579   31.88862066];[0.9795322015380693, -0.9795322322017135, -0.5438246190335646, 0.5438246292540194]
[  31.89259928 -130.19574087   39.84946261];[1.1363327143726403, -0.9217067579271084, -0.780311295645084, 0.5776109115172183]
[  23.92519196 -130.20630272   39.84920139];[1.1819791893608762, -0.7640378473923465, -0.7568076661107606, 0.357304244625476]
[  23.92151794 -130.22367977   31.88714107];[1.0208405801069695, -0.8169033448420554, -0.5209556526553599, 0.3230136317861523]
[  23.91819762 -130.23500503   23.91819761];[0.8543863436457586, -0.8543863306714053, -0.2995606182205923, 0.2995606155361529]
[  23.91553512 -130.24242044   15.94630128];[0.6807700969068258, -0.879396875819557, -0.08833147518219095, 0.2844475377497156]
[  23.91312279 -130.24861508    7.97309377];[0.49946828697376944, -0.8936473219057541, 0.11481227345998027, 0.27605674500683763]
[ 2.39113011e+01 -1.30253464e+02 -1.48577437e-11];[0.3106665871167636, -0.8981873425413293, 0.31066658730570323, 0.273395306758472]
[  23.91312279 -130.24861508   -7.97309377];[0.1148122786874805, -0.8936472927770557, 0.4994682857147046, 0.2760567409229729]
[  23.91553513 -130.24242043  -15.94630129];[-0.08833147523776615, -0.8793968752050365, 0.6807701100486324, 0.2844475337954535]
[  23.91819763 -130.23500501  -23.91819762];[-0.29956061428779995, -0.8543863223426689, 0.8543863399620225, 0.2995606156939224]
[  23.92151794 -130.22367978  -31.88714107];[-0.5209556645396628, -0.8169033218377246, 1.0208405757382988, 0.32301362532501116]
[  23.92519195 -130.20630272  -39.84920139];[-0.756807663538635, -0.764037862138252, 1.1819791783341138, 0.3573042450274481]
[  15.95224497 -130.21237335  -39.84850259];[-0.7418662441272859, -0.5980134407849018, 1.2128294821460788, 0.1490359949326141]
[  15.94951682 -130.22828943  -31.88578921];[-0.506321454531182, -0.6465705445350935, 1.0485890376579756, 0.11309792131624348]
[  15.94711388 -130.23878672  -23.91681277];[-0.2844167901878975, -0.6808749821055144, 0.8795170418635692, 0.08828398430823618]
[  15.94440147 -130.24933034  -15.94440146];[-0.07222703524683817, -0.7035376411533639, 0.703537629348148, 0.07222703799844363]
[  15.94268952 -130.2554629    -7.97207961];[0.13224043396890756, -0.7164406844494571, 0.5202456103891729, 0.06325130043485613]
[ 1.59414376e+01 -1.30260412e+02 -5.16035744e-10];[0.3296623373255135, -0.7205369405598818, 0.32966232424888103, 0.06041007068981635]
[  15.94268951 -130.25546291    7.97207961];[0.5202456180207298, -0.7164407012322502, 0.13224043568061797, 0.0632513001817667]
[  15.94440147 -130.24933032   15.94440147];[0.7035376239834075, -0.7035376369371046, -0.07222703370231352, 0.0722270375361729]
[  15.94711388 -130.23878672   23.91681277];[0.8795170709546323, -0.6808749657696398, -0.28441679548892923, 0.08828398096115389]
[  15.94951682 -130.22828943   31.88578921];[1.0485890607414432, -0.6465705537814128, -0.506321447769407, 0.11309791939616495]
[  15.95224497 -130.21237334   39.8485026 ];[1.2128294835516629, -0.5980134515431906, -0.7418662286598912, 0.14903600010810986]
[   7.97665796 -130.21552797   39.84790853];[1.230700804788705, -0.4234652960579819, -0.7336187984621135, -0.049913800898083754]
[   7.9752154  -130.23064643   31.88487275];[1.0645705404490977, -0.4681944548076884, -0.4982171560837513, -0.08826299346088387]
[   7.9739596  -130.24068878   23.91591693];[0.8939120575149948, -0.49966802288156864, -0.27599029085219745, -0.11494949687517901]
[   7.97258053 -130.25092025   15.94371754];[0.7165755545871202, -0.5203621430284201, -0.06319170585075992, -0.13231994391285784]
[   7.97140965 -130.25959268    7.97140964];[0.5320210090986937, -0.5320210311754205, 0.14202969016323164, -0.142029683240955]
[ 7.97076825e+00 -1.30264630e+02 -3.63310473e-10];[0.34038046345720985, -0.5357337739340154, 0.34038045111330834, -0.14511447398946414]
[   7.97140965 -130.25959269   -7.97140964];[0.1420296987881332, -0.5320210270886017, 0.5320210126486452, -0.142029686254812]
[   7.97258053 -130.25092024  -15.94371754];[-0.06319171001465171, -0.5203621158265939, 0.7165755373869054, -0.1323199426505685]
[   7.9739596  -130.24068877  -23.91591694];[-0.275990290484672, -0.49966801865887295, 0.8939120315181696, -0.11494949940054268]
[   7.9752154  -130.23064644  -31.88487275];[-0.4982171576229883, -0.4681944644805387, 1.064570533599144, -0.08826299503538854]
[   7.97665796 -130.21552795  -39.84790855];[-0.7336188077287435, -0.42346529589006715, 1.2307007975341315, -0.04991380170698115]
[-4.06186764e-10 -1.30216505e+02 -3.98476831e+01];[-0.7309888662365204, -0.24067973159124603, 1.2365553583355249, -0.2406797241775454]
[-1.08227281e-09 -1.30231368e+02 -3.18845502e+01];[-0.4956295779056362, -0.2819964138617654, 1.0697879271241943, -0.2819963944217754]
[-5.79734862e-10 -1.30241264e+02 -2.39156075e+01];[-0.2732935397094504, -0.3109270078825493, 0.8985960268487425, -0.3109269940429629]
[-5.35791565e-10 -1.30251392e+02 -1.59434833e+01];[-0.06029199170075845, -0.3298577431439956, 0.7208053509011686, -0.3298577273127159]
[-2.94311039e-10 -1.30260066e+02 -7.97127672e+00];[0.14519453607222332, -0.3404798618499843, 0.5358519179272563, -0.34047985218667065]
[-1.08785045e-09 -1.30266190e+02 -8.11620969e-10];[0.34383388118346564, -0.34383389116838436, 0.34383385928751753, -0.3438338569938513]
[-4.41890163e-10 -1.30260066e+02  7.97127672e+00];[0.5358519096473847, -0.3404798649778457, 0.14519452028446939, -0.340479851010846]
[-3.33722642e-10 -1.30251392e+02  1.59434833e+01];[0.7208053492236215, -0.3298577377879806, -0.06029199224954349, -0.32985772787773654]
[-1.57902866e-09 -1.30241264e+02  2.39156075e+01];[0.8985960388455622, -0.3109270303917501, -0.2732935314917333, -0.31092699512148847]
[-9.77373542e-10 -1.30231368e+02  3.18845502e+01];[1.069787931304135, -0.2819964110205909, -0.49562958560792747, -0.28199639307209456]
[-5.99484500e-10 -1.30216505e+02  3.98476831e+01];[1.2365553558112796, -0.2406797335931471, -0.7309888492612062, -0.24067972437866275]
[  -7.97665796 -130.21552796   39.84790854];[1.230700804516412, -0.04991381351229934, -0.733618794141791, -0.42346528589493493]
[  -7.9752154  -130.23064644   31.88487275];[1.0645705520322484, -0.08826301395705025, -0.4982171523699236, -0.4681944348300352]
[  -7.9739596  -130.24068877   23.91591694];[0.8939120386931358, -0.1149495192240424, -0.2759902892907969, -0.4996679887185778]
[  -7.97258053 -130.25092023   15.94371755];[0.7165755446130567, -0.13231997656237204, -0.06319170109454678, -0.5203621073759627]
[  -7.97140965 -130.25959268    7.97140965];[0.5320209972269964, -0.142029723151494, 0.14202969471011456, -0.5320209997870632]
[-7.97076825e+00 -1.30264630e+02 -4.68630144e-10];[0.34038046467689187, -0.14511448373018093, 0.3403804492365413, -0.5357337529976862]
[  -7.97140965 -130.25959269   -7.97140964];[0.14202969802261556, -0.14202970259737255, 0.5320210068603971, -0.5320209996890451]
[  -7.97258053 -130.25092025  -15.94371754];[-0.06319170728405824, -0.13231995513334066, 0.7165755283504348, -0.5203621075239637]
[  -7.9739596  -130.24068878  -23.91591693];[-0.2759902899132747, -0.11494952144905789, 0.8939120294337756, -0.4996679829213317]
[  -7.9752154  -130.23064645  -31.88487274];[-0.4982171617620418, -0.08826300367829501, 1.0645705359099822, -0.4681944305843424]
[  -7.97665797 -130.21552795  -39.84790855];[-0.7336188037411782, -0.0499138213192777, 1.230700785379317, -0.4234652852693149]
[ -15.95224497 -130.21237335  -39.84850259];[-0.7418662310313909, 0.1490359885730163, 1.212829479975606, -0.5980134222615274]
[ -15.94951682 -130.22828946  -31.88578919];[-0.50632146005536, 0.11309791217767365, 1.0485890359880208, -0.6465705180040686]
[ -15.94711387 -130.23878673  -23.91681277];[-0.28441678370054857, 0.08828396878616589, 0.8795170370165413, -0.6808749553597061]
[ -15.94440147 -130.24933032  -15.94440147];[-0.0722270337426073, 0.07222703219537621, 0.7035376178931122, -0.7035376201818191]
[ -15.94268952 -130.25546289   -7.97207961];[0.13224043241554478, 0.06325128869833414, 0.5202456045326574, -0.7164406682553512]
[-1.59414376e+01 -1.30260412e+02 -3.78382406e-10];[0.32966232110161325, 0.060410054840959244, 0.3296623254351466, -0.7205368969954057]
[ -15.94268952 -130.2554629     7.97207961];[0.5202456077477586, 0.06325128194846585, 0.1322404308037031, -0.7164406641416524]
[ -15.94440147 -130.24933034   15.94440146];[0.7035376296489215, 0.0722270314826179, -0.0722270357612672, -0.7035376234986137]
[ -15.94711388 -130.23878673   23.91681277];[0.8795170603921764, 0.0882839776449497, -0.2844167920293272, -0.6808749602773281]
[ -15.94951682 -130.22828943   31.88578921];[1.0485890389635384, 0.11309791152531068, -0.5063214452623845, -0.6465705230918863]
[ -15.95224497 -130.21237336   39.84850258];[1.2128294949420353, 0.14903599203653434, -0.7418662299539242, -0.5980134232875439]
[ -23.92519195 -130.20630272   39.84920139];[1.1819791897059506, 0.3573042427519921, -0.7568076665838673, -0.7640378358769275]
[ -23.92151795 -130.22367977   31.88714108];[1.0208405708291037, 0.32301362931918076, -0.5209556496652251, -0.8169033181043774]
[ -23.91819762 -130.23500502   23.91819761];[0.8543863215716865, 0.2995606192883471, -0.2995606172396289, -0.8543863184566388]
[ -23.91553513 -130.24242042   15.94630129];[0.6807700988518375, 0.2844475355849113, -0.08833146337449078, -0.879396853566838]
[ -23.91312278 -130.2486151     7.97309377];[0.4994682882096943, 0.27605674575932365, 0.11481227442780752, -0.8936472834487433]
[-2.39113011e+01 -1.30253464e+02  2.83672645e-09];[0.3106665784860805, 0.2733953165097317, 0.3106665900239407, -0.8981873263543348]
[ -23.91312278 -130.2486151    -7.97309377];[0.11481228333786223, 0.27605674696549315, 0.49946827721513953, -0.8936472798796262]
[ -23.91553512 -130.24242044  -15.94630129];[-0.08833147490408165, 0.28444753620558466, 0.6807701066250207, -0.8793968539160576]
[ -23.91819763 -130.23500502  -23.91819762];[-0.29956060833854936, 0.29956061766514624, 0.8543863091721603, -0.8543863155683098]
[ -23.92151795 -130.22367977  -31.88714108];[-0.5209556514968088, 0.3230136285661747, 1.0208405673950711, -0.8169033147178946]
[ -23.92519195 -130.20630273  -39.84920139];[-0.7568076652170328, 0.35730424004589423, 1.1819791696960715, -0.7640378433673539]
[ -31.89259928 -130.19574086  -39.84946261];[-0.7803113078578969, 0.5776109115818772, 1.1363327129489604, -0.9217067055734492]
[ -31.88862068 -130.21556579  -31.88862065];[-0.5438246299727191, 0.5438246290661197, 0.9795321797436818, -0.9795321758507427]
[ -31.88714119 -130.22367959  -23.92151799];[-0.3230136252178205, 0.5209556619878575, 0.8169033248036398, -1.0208405830066931]
[ -31.88394325 -130.2319459   -15.94869988];[-0.11314409707161116, 0.5063321977705115, 0.6464690247927771, -1.0484541699646504]
[ -31.88099472 -130.23834665   -7.97437936];[0.08813410704435928, 0.49823934425439453, 0.46800760594389185, -1.0642836063087144]
[-3.18786471e+01 -1.30243092e+02 -8.70181133e-10];[0.2817549367908245, 0.4956629205161513, 0.2817549232873484, -1.069349660596641]
[ -31.88099471 -130.23834666    7.97437936];[0.468007603972455, 0.49823935070967795, 0.08813410297542663, -1.0642836054064377]
[ -31.88394324 -130.23194592   15.94869987];[0.6464690365710172, 0.5063321995879188, -0.1131441048960899, -1.0484541854199148]
[ -31.88714119 -130.2236796    23.92151799];[0.8169033420532803, 0.5209556598762864, -0.3230136235503478, -1.020840582650497]
[ -31.88862068 -130.2155658    31.88862065];[0.9795321943857386, 0.543824634311229, -0.543824621320647, -0.979532185965732]
[ -31.89259928 -130.19574087   39.8494626 ];[1.1363327062857536, 0.5776109151371227, -0.7803113022394019, -0.9217067075806475]
[ -39.84806052 -130.17708443   39.84806047];[1.0724454478854426, 0.8154697404199216, -0.8154697245845249, -1.0724454591349595]
[ -39.84946278 -130.19574069   31.89259934];[0.9217067263608298, 0.7803113168366802, -0.5776109033097214, -1.1363327137262282]
[ -39.84918672 -130.20632267   23.92518462];[0.7640372776772124, 0.7568075787442986, -0.35730436603132765, -1.1819783637917674]
[ -39.84588853 -130.21600842   15.9514186 ];[0.5979203500565584, 0.7418487833647455, -0.1490771487027333, -1.2126780131761272]
[ -39.84268968 -130.22286433    7.97585452];[0.42330117633577, 0.7335846341356996, 0.04980145205607876, -1.2303921299482314]
[-3.98398692e+01 -1.30227522e+02  5.36521083e-10];[0.24047087669526634, 0.7309377468369883, 0.24047088361233723, -1.2360904225102654]
[ -39.84268968 -130.22286433   -7.97585452];[0.049801464742491246, 0.7335846239789104, 0.4233011674096942, -1.230392120591108]
[ -39.84588852 -130.21600843  -15.9514186 ];[-0.14907714400483366, 0.7418487833980166, 0.5979203517789315, -1.212678002362572]
[ -39.84918671 -130.20632268  -23.92518462];[-0.35730436097875073, 0.7568075790858584, 0.7640372530075066, -1.1819783554918442]
[ -39.84946278 -130.1957407   -31.89259934];[-0.5776109036155307, 0.7803113196068414, 0.9217067109147682, -1.136332716967305]
[ -39.84806054 -130.17708442  -39.84806048];[-0.815469722526142, 0.8154697426410329, 1.0724454373079093, -1.0724454446520335]
[ -39.79245888 -138.04886272  -39.79245875];[-0.9926108593207115, 0.9926108821376305, 0.847663978227228, -0.8476639673446825]
[ -39.80423598 -138.09076951  -31.86160529];[-0.7450889729063068, 0.9434585554422188, 0.7027042070064815, -0.9172782227684216]
[ -39.80890569 -138.11256016  -23.90644003];[-0.5233651859945323, 0.9113703272970858, 0.5528696617407346, -0.9655251029123828]
[ -39.80798693 -138.12669833  -15.94040846];[-0.31851357241748923, 0.8907557683663883, 0.3955868854278613, -0.9978186374182658]
[ -39.80581646 -138.1352238    -7.97070182];[-0.12599685287121293, 0.8791836311932906, 0.23023426840489603, -1.016478384801837]
[-3.98029764e+01 -1.38139423e+02 -1.85048741e-10];[0.05651995071269921, 0.8754186282346081, 0.05651994657492708, -1.0225171846029555]
[ -39.80581646 -138.1352238     7.97070182];[0.2302342687110846, 0.8791836308510619, -0.12599685427359159, -1.0164783881646362]
[ -39.80798694 -138.12669832   15.94040847];[0.3955868910777083, 0.8907557719129645, -0.3185135749846073, -0.9978186382312497]
[ -39.80890569 -138.11256017   23.90644003];[0.5528696786958374, 0.9113703227044028, -0.5233651833585657, -0.9655250967864434]
[ -39.80423597 -138.09076952   31.86160528];[0.7027042032675955, 0.9434585596126014, -0.7450889686083505, -0.917278224097228]
[ -39.7924589  -138.04886272   39.79245876];[0.8476640026850281, 0.99261087150606, -0.9926108617776456, -0.8476639613585422]
[ -31.86160529 -138.09076959   39.80423575];[0.9172782426377428, 0.7450889857936096, -0.9434585264805608, -0.7027041929118001]
[ -31.86264282 -138.12338339   31.86264276];[0.7658103771640579, 0.7010674272562635, -0.7010673896397924, -0.7658103775947063]
[ -31.86374492 -138.13954574   23.90575088];[0.6105437124981549, 0.6717087042472937, -0.48104340731164075, -0.809830168726579]
[ -31.8617333  -138.15092938   15.93943608];[0.4487396995324827, 0.6526824764622652, -0.2759544856419142, -0.8392486647486546]
[ -31.85929387 -138.15828489    7.97005428];[0.279631757811053, 0.6419590215703249, -0.08198455349816243, -0.8561979927753887]
[-3.18569058e+01 -1.38162401e+02 -1.90589044e-10];[0.10285056443311677, 0.6384850239598151, 0.10285055872519516, -0.8616709864622601]
[ -31.85929386 -138.1582849    -7.97005428];[-0.08198454749186782, 0.6419590377111857, 0.2796317492471889, -0.8561979900599441]
[ -31.8617333  -138.15092938  -15.93943608];[-0.27595448470647177, 0.6526824790388391, 0.44873970800656166, -0.8392486599374679]
[ -31.86374491 -138.13954574  -23.90575088];[-0.48104339940810215, 0.6717087252993769, 0.610543686503413, -0.8098301670779432]
[ -31.86264282 -138.1233834   -31.86264274];[-0.7010674080968654, 0.7010674113572946, 0.7658103887852407, -0.7658103724148941]
[ -31.86160528 -138.0907696   -39.80423573];[-0.9434585357263239, 0.7450889850097251, 0.9172782273977772, -0.7027041933830778]
[ -23.90652599 -138.11245714  -39.80908043];[-0.9113739741491387, 0.5233663620664543, 0.9655308259875072, -0.5528725005376782]
[ -23.90575086 -138.13954585  -31.86374475];[-0.6717086997568245, 0.4810434139804931, 0.8098301669363027, -0.6105436882882329]
[ -23.90437403 -138.15464219  -23.90437399];[-0.4523356029127772, 0.4523356232074944, 0.650820879211983, -0.6508208872326944]
[ -23.90245833 -138.16449618  -15.93824229];[-0.24674457876394662, 0.43360072280466644, 0.48589285641302526, -0.677737935453615]
[ -23.90035899 -138.1712856    -7.96935093];[-0.051525713194571304, 0.423004969810786, 0.3141189164733796, -0.6932035007103758]
[-2.38985201e+01 -1.38175403e+02 -9.12859119e-11];[0.1350935428852874, 0.4195828459629185, 0.1350935433594887, -0.6981881192902806]
[ -23.90035899 -138.1712856     7.96935093];[0.31411892301477584, 0.4230049774598996, -0.05152571239777454, -0.6932034989556941]
[ -23.90245833 -138.16449617   15.93824229];[0.48589286508619567, 0.43360072400222166, -0.2467445773867827, -0.6777379338509157]
[ -23.90437404 -138.15464218   23.90437399];[0.6508209019856861, 0.45233561490301355, -0.45233560965409825, -0.650820884655596]
[ -23.90575086 -138.13954585   31.86374475];[0.809830185191844, 0.48104341196284806, -0.6717086978416048, -0.6105436871756283]
[ -23.90652598 -138.11245714   39.80908043];[0.9655308380409479, 0.5233663593276763, -0.9113739779708789, -0.5528725004038029]
[ -15.94141739 -138.12456552   39.81122475];[0.9979363920830697, 0.31851262848367146, -0.8908165478874607, -0.39563525719264875]
[ -15.94037096 -138.14861896   31.86386379];[0.8393481607641848, 0.27593874695357423, -0.6526999120895258, -0.4488038905548528]
[ -15.93913367 -138.16214208   23.90386527];[0.6778231515441798, 0.24672321357921995, -0.43359388130550497, -0.4859630573189423]
[ -15.9373461  -138.17205261   15.93734608];[0.510715960524553, 0.2275438680451935, -0.22754385850940892, -0.5107159663265545]
[ -15.93583521 -138.17855376    7.96882771];[0.3370973560220585, 0.2166589587318641, -0.03139145141376324, -0.5249170050473908]
[-1.59345869e+01 -1.38182690e+02  2.97247981e-09];[0.15650250220660714, 0.2131508618669866, 0.15650251105904195, -0.5294881214088243]
[ -15.93583521 -138.17855377   -7.96882771];[-0.031391454396883005, 0.21665896011585872, 0.3370973539553733, -0.5249170046954716]
[ -15.9373461  -138.1720526   -15.93734607];[-0.22754386363346268, 0.22754386458948023, 0.5107159662428755, -0.5107159643497183]
[ -15.93913367 -138.16214208  -23.90386528];[-0.43359388864155946, 0.24672320884714122, 0.6778231371641058, -0.4859630534590905]
[ -15.94037096 -138.14861895  -31.8638638 ];[-0.6526999224361686, 0.275938743286599, 0.8393481646530309, -0.4488038886374579]
[ -15.94141739 -138.12456552  -39.81122477];[-0.8908165458119724, 0.31851262603473013, 0.9979363933783568, -0.3956352578718271]
[  -7.97165789 -138.13084126  -39.81212624];[-0.8792953858606478, 0.12596256775954487, 1.0167196409858945, -0.23031394673534306]
[  -7.97100153 -138.15332145  -31.86373551];[-0.6419913592782241, 0.0819200354062716, 0.856413836311651, -0.2797459192616352]
[  -7.97030088 -138.16602261  -23.90344441];[-0.42298686880415365, 0.051447057919785974, 0.6933966238952798, -0.3142502437487174]
[  -7.96937174 -138.17546397  -15.93695465];[-0.21662678603538543, 0.031342623232948494, 0.5250137391658173, -0.3371773569615436]
[  -7.96860541 -138.18170311   -7.9686054 ];[-0.019896711323232785, 0.019896706241940842, 0.3503001567892134, -0.35030016089788363]
[-7.96797391e+00 -1.38185856e+02 -5.10010806e-10];[0.16876698218993813, 0.01621326548566153, 0.16876698262292733, -0.3545203601407385]
[  -7.96860541 -138.18170311    7.9686054 ];[0.3503001679839872, 0.0198967060455226, -0.019896715695569167, -0.3503001590293393]
[  -7.96937174 -138.17546396   15.93695465];[0.5250137612151056, 0.03134262098043833, -0.21662678596085036, -0.3371773598451846]
[  -7.97030087 -138.16602262   23.90344441];[0.6933966153745349, 0.05144704707576553, -0.42298685754851895, -0.3142502476661336]
[  -7.97100153 -138.15332145   31.86373551];[0.8564138369592948, 0.0819200348547534, -0.6419913497090521, -0.27974592348349087]
[  -7.97165789 -138.13084127   39.81212625];[1.0167196467702586, 0.12596255884423918, -0.8792953764638074, -0.23031394938408903]
[-8.24705513e-10 -1.38132793e+02  3.98123720e+01];[1.0228818825457766, -0.05660886616097622, -0.8755820949267312, -0.05660885576654737]
[-3.65531620e-10 -1.38154782e+02  3.18636639e+01];[0.8620032992919774, -0.10298926873235735, -0.6385324474623966, -0.10298926124872443]
[-4.17370346e-10 -1.38167226e+02  2.39032873e+01];[0.6984893948066464, -0.13525788328725719, -0.41955356638229674, -0.13525787349192997]
[-1.97340598e-10 -1.38176519e+02  1.59368144e+01];[0.5296822268253973, -0.15663194809110947, -0.21308597381644, -0.1566319408564606]
[-3.19478223e-10 -1.38182723e+02  7.96851822e+00];[0.35460327057228735, -0.16883394038386304, -0.016162315864461943, -0.1688339279470053]
[-2.82171694e-10 -1.38185398e+02  1.14117634e-10];[0.17278998096663173, -0.17278998594054176, 0.17278997608247715, -0.17278997523434558]
[-7.99621041e-10 -1.38182723e+02 -7.96851822e+00];[-0.016162314833609193, -0.16883395467874293, 0.3546032678156135, -0.1688339260598315]
[-8.39463440e-10 -1.38176519e+02 -1.59368144e+01];[-0.21308596766850066, -0.1566319667158534, 0.5296822235911078, -0.15663194260248903]
[-2.74335916e-10 -1.38167226e+02 -2.39032873e+01];[-0.41955356895688645, -0.13525788125586016, 0.6984893977660899, -0.13525787446283388]
[-7.94187885e-10 -1.38154782e+02 -3.18636640e+01];[-0.6385324501591302, -0.10298927446769444, 0.8620032922306413, -0.1029892614799364]
[-5.12070783e-10 -1.38132793e+02 -3.98123720e+01];[-0.8755820998823798, -0.05660885764088296, 1.0228818866959393, -0.056608858064067694]
[   7.97165789 -138.13084127  -39.81212624];[-0.879295404179412, -0.23031394618217976, 1.0167196503965301, 0.12596257133738434]
[   7.97100153 -138.15332145  -31.8637355 ];[-0.6419913583963645, -0.2797459254634047, 0.8564138460684122, 0.08192004158200542]
[   7.97030087 -138.16602263  -23.9034444 ];[-0.4229868721885775, -0.3142502473265084, 0.6933966215748393, 0.05144706080165819]
[   7.96937174 -138.17546397  -15.93695464];[-0.21662679149126304, -0.33717736319610636, 0.5250137453086418, 0.03134263607381815]
[   7.96860541 -138.1817031    -7.9686054 ];[-0.01989671562847612, -0.3503001645043806, 0.35030016600465447, 0.01989671694597797]
[ 7.96797391e+00 -1.38185856e+02 -1.32138196e-10];[0.1687669816756903, -0.3545203766879007, 0.1687669788736279, 0.016213282686262986]
[   7.96860541 -138.18170311    7.9686054 ];[0.35030017383189704, -0.3503001977927468, -0.0198967109131124, 0.0198967157161887]
[   7.96937174 -138.17546396   15.93695465];[0.5250137725644025, -0.33717736412163307, -0.21662679175210703, 0.03134263305270682]
[   7.97030087 -138.16602261   23.90344441];[0.6933966174960912, -0.3142502665814294, -0.4229868646628832, 0.05144706337958797]
[   7.97100153 -138.15332145   31.8637355 ];[0.8564138301814364, -0.2797459434739999, -0.6419913472570478, 0.08192004394747036]
[   7.97165789 -138.13084126   39.81212625];[1.016719647136356, -0.23031395227659374, -0.8792953885905537, 0.12596257157032884]
[  15.94141739 -138.12456552   39.81122475];[0.9979364093133798, -0.3956352581040446, -0.8908165634151834, 0.31851262814057374]
[  15.94037096 -138.14861896   31.86386378];[0.839348172568226, -0.4488039099171785, -0.6526999205666993, 0.2759387487191388]
[  15.93913367 -138.16214208   23.90386527];[0.677823143720946, -0.48596307627253066, -0.43359388521084663, 0.24672321682993587]
[  15.93734609 -138.17205261   15.93734607];[0.5107159712576173, -0.5107159853765086, -0.22754386357201098, 0.22754386827433]
[  15.93583521 -138.17855377    7.96882771];[0.3370973543399329, -0.5249170251820313, -0.031391452886508624, 0.21665895887071054]
[ 1.59345869e+01 -1.38182690e+02 -6.17172903e-11];[0.15650250633746365, -0.5294881367642419, 0.1565025039528107, 0.2131508614975778]
[  15.93583521 -138.17855376   -7.96882771];[-0.031391453979764186, -0.5249170239589158, 0.33709735529105944, 0.21665895998832652]
[  15.9373461  -138.1720526   -15.93734608];[-0.2275438647167645, -0.5107159738977046, 0.510715966151675, 0.2275438629388446]
[  15.93913367 -138.16214208  -23.90386527];[-0.4335938872133403, -0.4859630817206487, 0.6778231436196681, 0.24672321489046903]
[  15.94037096 -138.14861896  -31.86386378];[-0.6526999234399946, -0.44880391790885876, 0.8393481719395913, 0.2759387464178122]
[  15.94141739 -138.12456552  -39.81122476];[-0.8908165544089444, -0.3956352701255498, 0.9979363997867059, 0.31851262869225094]
[  23.90652598 -138.11245714  -39.80908043];[-0.9113739761200413, -0.5528725272804695, 0.9655308254490175, 0.5233663555163304]
[  23.90575086 -138.13954584  -31.86374476];[-0.671708701735785, -0.6105436934960649, 0.8098301730735935, 0.481043410896276]
[  23.90437403 -138.15464218  -23.90437399];[-0.45233560285888325, -0.6508209276767583, 0.6508208808290838, 0.4523356171518165]
[  23.90245833 -138.16449618  -15.93824228];[-0.246744578339222, -0.6777379541885173, 0.48589285653191916, 0.4336007130275921]
[  23.90035899 -138.17128559   -7.96935093];[-0.05152571418623793, -0.6932035397439223, 0.31411891703230815, 0.4230049600561616]
[ 2.38985201e+01 -1.38175403e+02  1.67161012e-10];[0.13509354631419124, -0.6981881279919894, 0.1350935492030391, 0.4195828389970623]
[  23.90035899 -138.17128559    7.96935093];[0.3141189246114129, -0.693203543650862, -0.05152571254401407, 0.42300495639536206]
[  23.90245833 -138.16449618   15.93824228];[0.4858928673248873, -0.6777379495445736, -0.24674458097096091, 0.4336007159803096]
[  23.90437404 -138.15464218   23.90437399];[0.6508208921208982, -0.6508209121027124, -0.45233560606809314, 0.45233561463137995]
[  23.90575086 -138.13954585   31.86374475];[0.8098301660906996, -0.6105437048607422, -0.6717086973907983, 0.4810434134469162]
[  23.90652599 -138.11245713   39.80908044];[0.9655308392127415, -0.5528725078890893, -0.9113739818550319, 0.5233663569866724]
[  31.86160528 -138.0907696    39.80423574];[0.9172782253184609, -0.7027042131164619, -0.9434585316706591, 0.7450889832196202]
[  31.86264281 -138.1233834    31.86264274];[0.7658103872745126, -0.7658103900880217, -0.7010674010036401, 0.701067414044166]
[  31.86374492 -138.13954574   23.90575089];[0.6105436961751635, -0.8098301994013926, -0.48104340147674907, 0.6717087105717637]
[  31.86173328 -138.1509294    15.93943607];[0.4487397059963888, -0.8392486844307074, -0.27595448932543537, 0.652682459272204]
[  31.85929386 -138.1582849     7.97005428];[0.27963174653805545, -0.8561980475641047, -0.08198455076975988, 0.6419590188654546]
[ 3.18569058e+01 -1.38162401e+02  9.20322933e-11];[0.10285056499285085, -0.8616709935881228, 0.10285056591483313, 0.6384849996137297]
[  31.85929385 -138.15828491   -7.97005428];[-0.08198455300128593, -0.8561980197993093, 0.2796317525499539, 0.6419590152810142]
[  31.86173329 -138.15092939  -15.93943607];[-0.27595448801823363, -0.8392486804856553, 0.44873970488922393, 0.652682458600004]
[  31.86374492 -138.13954573  -23.90575088];[-0.481043407782845, -0.809830178274327, 0.6105436960362407, 0.6717087057238366]
[  31.86264281 -138.1233834   -31.86264273];[-0.7010674045863674, -0.7658103845795011, 0.7658103878771149, 0.7010674114172294]
[  31.86160527 -138.0907696   -39.80423573];[-0.9434585330524238, -0.7027042171317686, 0.9172782243888146, 0.7450889811447978]
[  39.79245889 -138.04886272  -39.79245875];[-0.9926108678039811, -0.8476639751820958, 0.8476639883557563, 0.9926108674856424]
[  39.80423599 -138.09076951  -31.86160529];[-0.7450889719388302, -0.9172782319938301, 0.702704205780245, 0.9434585511112186]
[  39.8089057  -138.11256015  -23.90644004];[-0.5233651878651338, -0.9655251271235096, 0.5528696701215365, 0.9113703108875318]
[  39.80798692 -138.12669834  -15.94040846];[-0.3185135757056507, -0.9978186505033967, 0.3955868836970631, 0.890755753450903]
[  39.80581644 -138.13522381   -7.97070182];[-0.12599685396986365, -1.016478408778137, 0.23023426706146477, 0.8791836159161008]
[ 3.98029765e+01 -1.38139423e+02 -1.21183561e-10];[0.05651995353404736, -1.022517218346061, 0.0565199523628979, 0.8754186058124904]
[  39.80581645 -138.1352238     7.97070182];[0.23023426228789667, -1.0164784129591127, -0.12599685410528472, 0.8791836198259033]
[  39.80798694 -138.12669832   15.94040847];[0.39558688307780954, -0.9978186574771504, -0.3185135764957574, 0.8907557609093448]
[  39.80890568 -138.11256016   23.90644003];[0.5528696711700354, -0.9655251425265252, -0.5233651856023297, 0.9113703122615144]
[  39.80423597 -138.09076952   31.86160529];[0.7027042013490302, -0.9172782635918554, -0.7450889665375189, 0.9434585539565593]
[  39.79245889 -138.04886272   39.79245875];[0.8476639923217187, -0.8476639795987428, -0.9926108598456423, 0.9926108738081849]
[  39.64502858 -145.78074784   39.64502835];[0.6235026636674308, -0.6235027112285076, -1.2230764774428193, 1.2230764977723148]
[  39.71735638 -145.92065431   31.80508249];[0.482292436857936, -0.7067261958541475, -0.9471102384221471, 1.1425308545325263]
[  39.73790307 -145.97311412   23.87564828];[0.3408324133908994, -0.7586492140083805, -0.7119876587559077, 1.0962659650417235]
[  39.74451373 -145.99969677   15.92324322];[0.1919680051250468, -0.7923941733143248, -0.5029505592492899, 1.067585948675257]
[  39.74562759 -146.01327012    7.96284194];[0.03423204840771216, -0.811718378587888, -0.3114688571177112, 1.0516142144758538]
[ 3.97432587e+01 -1.46017706e+02 -5.27930306e-11];[-0.13315748285775658, -0.8179795940011956, -0.13315748299645233, 1.0463946032250733]
[  39.74562757 -146.01327014   -7.96284213];[-0.31146908285189234, -0.8117182106844599, 0.03423257091057463, 1.0516144035575203]
[  39.7445137  -145.99969677  -15.92324321];[-0.502950562923806, -0.7923941526755814, 0.19196800182479143, 1.067585949039826]
[  39.73790308 -145.97311412  -23.87564828];[-0.7119876714713533, -0.7586491766262314, 0.3408324168286629, 1.0962659575363822]
[  39.71735637 -145.9206543   -31.80508248];[-0.9471102450923927, -0.7067261773240455, 0.48229243609740247, 1.1425308585826723]
[  39.64502857 -145.78074783  -39.64502833];[-1.223076487230525, -0.6235026896782454, 0.6235026712213616, 1.2230765000260955]
[  31.80508258 -145.92065434  -39.71735611];[-1.142530832947899, -0.482292443186344, 0.7067261720056051, 0.9471102548205368]
[  31.82182648 -145.99663183  -31.82182636];[-0.8817016441842196, -0.5579024097769232, 0.557902397702902, 0.8817016624281386]
[  31.82916347 -146.03081699  -23.88291113];[-0.6541770861273329, -0.6062077124373444, 0.4092507312969117, 0.8422993195248534]
[  31.82988812 -146.0494025   -15.92644302];[-0.4480413453200427, -0.637671905427166, 0.25484139257051364, 0.8174084001723739]
[  31.8287049  -146.05942934   -7.96406961];[-0.25686813374987394, -0.6556605927609496, 0.09301762626013041, 0.8034509339018067]
[ 3.18264359e+01 -1.46063255e+02  1.78206878e-10];[-0.0771695988486166, -0.6614824919836344, -0.07716959766682732, 0.7989070491247482]
[  31.82870491 -146.05942934    7.9640693 ];[0.09301755574350742, -0.6556606004875791, -0.25686807016947133, 0.8034509345704147]
[  31.82988812 -146.04940249   15.92644302];[0.254841395322825, -0.6376718853925556, -0.4480413486316904, 0.8174083985548903]
[  31.82916346 -146.03081699   23.88291113];[0.4092507350715971, -0.6062076987097408, -0.6541770897751951, 0.8422993170666786]
[  31.82182648 -145.99663183   31.82182635];[0.5579023995749698, -0.5579023958207393, -0.881701648200305, 0.8817016649286427]
[  31.80508259 -145.92065434   39.71735611];[0.7067261961490677, -0.4822924490199375, -1.1425308236181555, 0.9471102476521549]
[  23.87621963 -145.97322027   39.73909901];[0.7586668758270583, -0.3408261473375775, -1.0963133927098176, 0.7120183504994075]
[  23.88301421 -146.03078916   31.82931336];[0.6062107188553123, -0.4092523486004948, -0.8423035607359323, 0.6541801113693709]
[  23.88543719 -146.05781566   23.88543712];[0.45374961633049293, -0.45374962329675794, -0.6178658419863549, 0.6178658500601577]
[  23.88488818 -146.07308672   15.92743407];[0.29615807103908676, -0.4828389361866697, -0.4126874300750893, 0.594614405898254]
[  23.88343574 -146.0816701     7.96437632];[0.13179930647666127, -0.4994661443450531, -0.22118625035189235, 0.5814943265325692]
[ 2.38816513e+01 -1.46085301e+02 -1.36864061e-11];[-0.04029419696392894, -0.5048454443317896, -0.040294197455243576, 0.5772317333544871]
[  23.88343573 -146.0816701    -7.96437632];[-0.22118624982679747, -0.49946615865337973, 0.13179930665096853, 0.5814943233836204]
[  23.88488818 -146.07308672  -15.92743407];[-0.4126874289098634, -0.48283894510638314, 0.2961580594932248, 0.5946144114353216]
[  23.88543719 -146.05781566  -23.88543711];[-0.6178658442052554, -0.45374963096610416, 0.45374961315863593, 0.6178658469127938]
[  23.88301422 -146.03078916  -31.82931338];[-0.8423035588428968, -0.4092523701551828, 0.6062107226211051, 0.6541801038546277]
[  23.87621964 -145.97322027  -39.73909902];[-1.0963134034757505, -0.34082613502309544, 0.7586668899803367, 0.7120183485532801]
[  15.92468271 -145.99965463  -39.74927207];[-1.0677520391398971, -0.19194760672535352, 0.7924848680627274, 0.5030293214793126]
[  15.92762858 -146.04860158  -31.83262272];[-0.8174741814508308, -0.2548671219816393, 0.6377409569880339, 0.4480676895006139]
[  15.92850083 -146.0720172   -23.88657885];[-0.5946391012327111, -0.29619795845380953, 0.4828951877836803, 0.41269674674993456]
[  15.92806337 -146.085271    -15.92806332];[-0.3898307212938918, -0.32327280816893594, 0.3232727910648949, 0.38983072425129855]
[  15.92691237 -146.0931146    -7.96457186];[-0.19794760348522036, -0.33873452100234525, 0.1572378224976267, 0.37687014233948657]
[ 1.59257013e+01 -1.46096655e+02 -6.64957297e-11];[-0.01616458164919441, -0.34373653488029954, -0.01616458205201556, 0.3726659202547448]
[  15.92691237 -146.0931146     7.96457186];[0.1572378216197197, -0.338734551403287, -0.19794760003506343, 0.37687014594327933]
[  15.92806337 -146.08527101   15.92806332];[0.3232728155858346, -0.3232728041062056, -0.3898307189259626, 0.3898307205389962]
[  15.92850083 -146.0720172    23.88657884];[0.48289519748906584, -0.29619795420977485, -0.5946390991386186, 0.41269674675170775]
[  15.92762857 -146.04860159   31.83262271];[0.6377409513278415, -0.2548671186532563, -0.8174741782776389, 0.44806769317777717]
[  15.92468272 -145.99965463   39.74927209];[0.7924848612622932, -0.19194761588232634, -1.0677520286725157, 0.5030293211226875]
[   7.96408342 -146.01275968   39.75406699];[0.8118978908425055, -0.034189823518632353, -1.0518892986158923, 0.3115607888933449]
[   7.96520023 -146.05755772   31.83408002];[0.6558100429757098, -0.0930535686628371, -0.8035691589388424, 0.2568814326259353]
[   7.96546284 -146.07919438   23.88698646];[0.49959501214668905, -0.1318652592661629, -0.5815380786255834, 0.2211702749122694]
[   7.96516671 -146.09156276   15.92813898];[0.3387952178397431, -0.15728271380084832, -0.3768687812952394, 0.19793099627078742]
[   7.96494026 -146.09797078    7.96494024];[0.17181636965026142, -0.1718163718720297, -0.18470643333640546, 0.18470643509677998]
[ 7.96433156e+00 -1.46101452e+02  1.37908357e-10];[-0.0023684837929865378, -0.17650966773672433, -0.0023684830005351485, 0.18042509743927984]
[   7.96494025 -146.09797078   -7.96494024];[-0.18470643533604195, -0.17181636743268922, 0.1718163531925719, 0.18470643832312295]
[   7.96516672 -146.09156276  -15.92813898];[-0.37686878706720256, -0.1572827136440952, 0.3387952195577416, 0.19793099446051246]
[   7.96546284 -146.07919438  -23.88698646];[-0.5815380859265752, -0.13186526571380533, 0.49959500518602373, 0.2211702734718144]
[   7.96520023 -146.05755772  -31.83408003];[-0.8035691728867993, -0.09305356550359727, 0.6558100435505491, 0.256881432194426]
[   7.96408342 -146.01275968  -39.754067  ];[-1.0518892849940755, -0.03418983423850257, 0.811897864623454, 0.3115607865298051]
[-5.41980691e-10 -1.46016767e+02 -3.97554940e+01];[-1.046784654266025, 0.1332456850490637, 0.8182484422344541, 0.13324568657165162]
[-3.10106420e-10 -1.46060311e+02 -3.18344952e+01];[-0.7990793319924795, 0.07714722953732758, 0.6617129621504335, 0.07714723197963175]
[-5.40758709e-10 -1.46081404e+02 -2.38870849e+01];[-0.5772950162666124, 0.04022740571986136, 0.5050476335322437, 0.04022741318340095]
[-5.80931140e-10 -1.46093501e+02 -1.59281432e+01];[-0.372660900510898, 0.01610089166260083, 0.3438603059334116, 0.016100904764543886]
[-2.40012511e-10 -1.46099795e+02 -7.96491866e+00];[-0.18040384704544804, 0.00233301880521071, 0.1765594807708319, 0.002333029623982852]
[-1.09806216e-10 -1.46101197e+02 -5.02103597e-10];[0.0021625270927652512, -0.0021625330197805083, 0.002162529048301689, -0.0021625259441686445]
[-4.42737573e-10 -1.46099795e+02  7.96491866e+00];[0.17655950490173028, 0.0023330064400731224, -0.18040384598313997, 0.0023330293571619254]
[-6.81688481e-10 -1.46093501e+02  1.59281432e+01];[0.3438603124447563, 0.016100885471983635, -0.3726608892420143, 0.01610090527706734]
[-4.99469491e-10 -1.46081404e+02  2.38870849e+01];[0.5050476433380714, 0.040227405905242736, -0.5772949832407767, 0.04022741343544718]
[-2.86046202e-10 -1.46060311e+02  3.18344952e+01];[0.6617129570374317, 0.07714722958389417, -0.7990793179451595, 0.07714723243206648]
[-8.82858627e-10 -1.46016767e+02  3.97554940e+01];[0.8182484446707684, 0.13324568086205382, -1.0467846513480346, 0.13324568344089027]
[  -7.96408342 -146.01275968   39.75406699];[0.8118978751680839, 0.311560790171776, -1.051889283449714, -0.034189822238981524]
[  -7.96520023 -146.05755771   31.83408003];[0.6558100513875339, 0.2568814335640137, -0.803569160774433, -0.09305355546651609]
[  -7.96546284 -146.07919438   23.88698646];[0.4995949992812237, 0.22117027672669443, -0.5815380765192563, -0.13186525671421492]
[  -7.96516671 -146.09156277   15.92813898];[0.3387952088473021, 0.19793099698194733, -0.37686877938574903, -0.1572826998490276]
[  -7.96494026 -146.09797078    7.96494024];[0.1718163502110352, 0.184706438600918, -0.18470643069670725, -0.17181635356908478]
[-7.96433156e+00 -1.46101452e+02  1.17838648e-09];[-0.0023684862782373944, 0.18042509503939458, -0.0023684733782459513, -0.1765096485346584]
[  -7.96494026 -146.09797077   -7.96494024];[-0.18470643435109135, 0.18470643929691527, 0.17181635038867138, -0.17181635283985608]
[  -7.96516671 -146.09156277  -15.92813898];[-0.3768687827547719, 0.19793099647816542, 0.33879520152176157, -0.1572826982295472]
[  -7.96546284 -146.07919438  -23.88698647];[-0.5815380788242349, 0.22117027499353906, 0.4995949971818512, -0.13186525677844868]
[  -7.96520023 -146.05755771  -31.83408003];[-0.8035691612877247, 0.256881434490504, 0.6558100442504452, -0.09305355615036615]
[  -7.9640835  -146.01275968  -39.75406702];[-1.0518891600109155, 0.3115610047475554, 0.8118978508773436, -0.03418994294396188]
[ -15.92468272 -145.99965463  -39.74927208];[-1.0677520320175138, 0.5030293235071012, 0.792484874341381, -0.1919476054099003]
[ -15.92762858 -146.04860158  -31.83262272];[-0.8174741800296416, 0.4480676962393476, 0.6377409430563612, -0.2548671126418031]
[ -15.92850083 -146.0720172   -23.88657885];[-0.594639103738037, 0.4126967479447382, 0.48289519133869735, -0.2961979459044586]
[ -15.92806336 -146.08527101  -15.92806332];[-0.38983071578847317, 0.3898307352791236, 0.32327278660261627, -0.3232727954784551]
[ -15.92691237 -146.0931146    -7.96457186];[-0.1979475981356566, 0.37687016178154215, 0.15723781971351888, -0.3387345099755518]
[-1.59257013e+01 -1.46096655e+02 -3.24149128e-10];[-0.016164579869532403, 0.37266592370149954, -0.016164582585623227, -0.3437365116029542]
[ -15.92691237 -146.0931146     7.96457186];[0.1572378178409687, 0.3768701631175782, -0.19794759994736033, -0.3387345122462346]
[ -15.92806336 -146.08527101   15.92806332];[0.32327279627996186, 0.3898307313168092, -0.38983071724723045, -0.32327279519988156]
[ -15.92850083 -146.0720172    23.88657885];[0.4828951944622616, 0.41269675831965835, -0.5946390881857834, -0.29619794339910527]
[ -15.92762858 -146.04860158   31.83262272];[0.6377409559990694, 0.44806769342968966, -0.817474179652951, -0.25486711340484036]
[ -15.92468271 -145.99965463   39.74927207];[0.7924848668720237, 0.5030293273751485, -1.0677520253538124, -0.19194760434307423]
[ -23.87621964 -145.97322027   39.73909903];[0.7586668654201548, 0.71201836110236, -1.0963133892092178, -0.34082613746962664]
[ -23.88301421 -146.03078916   31.82931336];[0.6062107280602669, 0.6541801147696394, -0.8423035557059714, -0.40925234353560436]
[ -23.88543719 -146.05781566   23.88543712];[0.45374961245248746, 0.6178658626600781, -0.6178658361553712, -0.45374961345028453]
[ -23.88488818 -146.07308672   15.92743407];[0.29615806007384593, 0.5946144209425227, -0.4126874310523432, -0.482838911557659]
[ -23.88343573 -146.0816701     7.96437632];[0.1317993010150178, 0.5814943492456244, -0.22118624809394552, -0.499466125687148]
[-2.38816513e+01 -1.46085301e+02  6.67059734e-11];[-0.04029419649278243, 0.5772317425078846, -0.04029419721833898, -0.5048454261539039]
[ -23.88343573 -146.0816701    -7.96437632];[-0.2211862487024707, 0.5814943474661527, 0.13179930647034666, -0.4994661243262639]
[ -23.88488818 -146.07308672  -15.92743407];[-0.41268742753950566, 0.594614432687487, 0.2961580637368602, -0.4828389042285721]
[ -23.88543719 -146.05781566  -23.88543712];[-0.6178658357235904, 0.6178658597498228, 0.45374961969316424, -0.45374961318869467]
[ -23.88301422 -146.03078916  -31.82931337];[-0.8423035615859568, 0.6541801139946483, 0.6062107199962394, -0.4092523431910515]
[ -23.87621964 -145.97322027  -39.73909903];[-1.096313399701712, 0.7120183571988474, 0.7586668741370503, -0.34082613249425886]
[ -31.80508258 -145.92065434  -39.7173561 ];[-1.1425308318941, 0.9471102636023048, 0.7067261780017037, -0.4822924281327332]
[ -31.82182649 -145.99663183  -31.82182636];[-0.8817016527028985, 0.8817016691652049, 0.5579023965930419, -0.5579023823616182]
[ -31.82916345 -146.03081699  -23.88291112];[-0.6541770838364713, 0.8422993360039388, 0.40925073052656497, -0.606207681111455]
[ -31.82988814 -146.04940249  -15.92644303];[-0.44804135048292415, 0.8174083983627383, 0.25484139871933775, -0.6376718696920264]
[ -31.82870491 -146.05942934   -7.96406946];[-0.2568680836824651, 0.8034509673804164, 0.09301760448461677, -0.6556605656538754]
[-3.18264359e+01 -1.46063255e+02 -8.56900273e-11];[-0.07716959888687511, 0.7989070679973448, -0.07716959918956866, -0.6614824761285054]
[ -31.8287049  -146.05942935    7.96406945];[0.09301761056793281, 0.8034509584245919, -0.25686808421380736, -0.6556605649652079]
[ -31.82988814 -146.04940249   15.92644303];[0.2548413909718289, 0.8174084180509117, -0.44804134497381276, -0.6376718754393684]
[ -31.82916345 -146.03081699   23.88291112];[0.40925073856234745, 0.842299335286528, -0.6541770834784268, -0.6062076721540579]
[ -31.82182648 -145.99663183   31.82182636];[0.5579023886542366, 0.8817016784521745, -0.88170164209075, -0.557902387908189]
[ -31.80508259 -145.92065434   39.71735611];[0.7067261789656877, 0.9471102613513294, -1.1425308313596167, -0.48229242711784065]
[ -39.64502858 -145.78074784   39.64502834];[0.6235026696380425, 1.2230765045717207, -1.2230764735215844, -0.6235026771930827]
[ -39.71735637 -145.92065431   31.80508248];[0.48229243649830944, 1.142530863571149, -0.9471102339442834, -0.706726171566384]
[ -39.73790306 -145.97311412   23.87564827];[0.3408324196843076, 1.0962659614655923, -0.711987668673788, -0.7586491670169435]
[ -39.74451372 -145.99969677   15.92324322];[0.19196800675495937, 1.0675859610935825, -0.5029505594900574, -0.7923941315684914]
[ -39.74562758 -146.01327013    7.96284203];[0.03423231676055932, 1.0516143014078971, -0.311468969499726, -0.8117182488931345]
[-3.97432587e+01 -1.46017706e+02  4.68664276e-12];[-0.13315748437640423, 1.0463946184817179, -0.13315748411118505, -0.8179795392408533]
[ -39.74562758 -146.01327013   -7.96284203];[-0.31146896881085395, 1.0516143135809106, 0.03423231063557078, -0.8117182501426785]
[ -39.74451372 -145.99969677  -15.92324322];[-0.5029505650728501, 1.0675859478913556, 0.19196800343899587, -0.7923941348145628]
[ -39.73790309 -145.97311412  -23.87564828];[-0.711987664912386, 1.0962659721677035, 0.340832413583249, -0.7586491688610768]
[ -39.71735638 -145.92065431  -31.80508249];[-0.947110239883009, 1.1425308673543069, 0.4822924346006397, -0.7067261723464455]
[ -39.64502859 -145.78074784  -39.64502834];[-1.2230764838860975, 1.2230765052007986, 0.6235026738941698, -0.6235026758099287]
[ -38.54808354 -152.18518608  -38.54210193];[-1.5418801007806264, 1.3651661329022269, 0.3899492280576548, -0.4465446922182289]
[ -39.40314733 -153.43644894  -31.56585814];[-1.1911804401419133, 1.437896966270943, 0.2663926752606174, -0.4821572423879301]
[ -39.53180938 -153.66294765  -23.79339771];[-0.96979767976215, 1.3246906299091783, 0.0985453556060179, -0.568141937198974]
[ -39.58199708 -153.75155343  -15.88471178];[-0.7355678093144489, 1.2851247524141203, -0.039499480089465897, -0.6023108274747294]
[ -39.59980242 -153.78795991   -7.94642369];[-0.5336979187249018, 1.263493525122491, -0.1894972884305557, -0.621315964957704]
[-3.96010331e+01 -1.53796756e+02 -3.20789004e-10];[-0.3532876181423644, 1.256368394468974, -0.35328761530947816, -0.6274490432808575]
[ -39.59980244 -153.78795994    7.9464237 ];[-0.18949728768055366, 1.2634935323048648, -0.5336979133422165, -0.6213159647198865]
[ -39.58199709 -153.75155343   15.88471178];[-0.03949948533522893, 1.285124745687445, -0.7355678194059467, -0.6023108267180612]
[ -39.53180942 -153.66294769   23.79339773];[0.098545358742213, 1.3246906299382455, -0.9697976687655545, -0.5681419321142227]
[ -39.40314734 -153.43644893   31.56585814];[0.266392683785972, 1.4378969520054838, -1.1911804432721687, -0.48215723583063436]
[ -38.42625442 -152.07074498   38.44664181];[0.4538763937114623, 1.5037936399423326, -1.3473658741185397, -0.3959354109154806]
[ -31.56974885 -153.44244192   39.40979955];[0.4817792012877711, 1.190893781536282, -1.4386963252423763, -0.266603494512609]
[ -31.72723576 -153.76494765   31.72723556];[0.34738048290629364, 1.1110666617833316, -1.1110666367013022, -0.34738047547785234]
[ -31.76070597 -153.86243024   23.84015922];[0.20270882828932563, 1.0482934590179074, -0.859558828149927, -0.4060208078150311]
[ -31.77156578 -153.90291703   15.90458092];[0.05451832186759846, 1.0130756083279138, -0.6422702584834157, -0.44087431465440363]
[ -31.77450825 -153.92130549    7.95443586];[-0.10189710280696027, 0.9940440863178481, -0.44742491504155013, -0.46021725180028555]
[-3.17730142e+01 -1.53926140e+02 -3.14787692e-10];[-0.2684603584599121, 0.9878872784959791, -0.26846035511249927, -0.4664446589395255]
[ -31.77450826 -153.92130548   -7.95443586];[-0.44742491764857784, 0.9940440833460381, -0.10189710142267791, -0.4602172501704664]
[ -31.77156577 -153.90291702  -15.90458091];[-0.6422702614408107, 1.0130756053914478, 0.054518320243517444, -0.44087431854174264]
[ -31.76070598 -153.86243025  -23.84015923];[-0.8595588286236421, 1.0482934655473877, 0.2027088245015723, -0.4060208042442339]
[ -31.72723577 -153.76494765  -31.72723556];[-1.111066646039942, 1.1110666491160994, 0.3473804953067509, -0.34738046636645525]
[ -31.56251233 -153.37132438  -39.32314461];[-1.3094602764349683, 1.274717572130456, 0.5338599419617597, -0.2165746223028533]
[ -23.79771625 -153.66947761  -39.54143318];[-1.3253245556968223, 0.9705012710913561, 0.5681906526541942, -0.09815430865100004]
[ -23.84134073 -153.86340743  -31.76246659];[-1.048389183578323, 0.8596400696104394, 0.4060223134320421, -0.2026867585070744]
[ -23.85392945 -153.9278534   -23.85392933];[-0.8070372815964694, 0.8070373302463486, 0.2570331830160962, -0.2570331789704956]
[ -23.85726002 -153.95663029  -15.91093848];[-0.5945112538622135, 0.7762581880949234, 0.10497023000017562, -0.289887446750543]
[ -23.85746852 -153.97025565   -7.95706172];[-0.4013839862905751, 0.7594047088357306, -0.05417812645609188, -0.30817202980900993]
[-2.38559734e+01 -1.53974156e+02 -1.45908388e-10];[-0.22228769107734692, 0.7539570134111987, -0.22228769069471682, -0.3140614306726509]
[ -23.85746853 -153.97025566    7.95706172];[-0.05417812169866432, 0.7594046974020241, -0.40138398696477023, -0.30817202139954025]
[ -23.85726002 -153.95663029   15.91093847];[0.10497023739324962, 0.7762581807522584, -0.5945112463689406, -0.2898874495820011]
[ -23.85392944 -153.9278534    23.85392933];[0.25703318685468696, 0.8070373233193544, -0.8070372860701022, -0.2570331777937942]
[ -23.84134074 -153.86340744   31.7624666 ];[0.4060223138887984, 0.8596400747649097, -1.0483891782225447, -0.20268675881881318]
[ -23.79771627 -153.66947764   39.54143323];[0.5681906435527617, 0.9705012770216425, -1.3253245537147995, -0.09815431051057323]
[ -15.88799132 -153.75814541   39.59366627];[0.602415484320229, 0.7361485655446277, -1.2857963478416423, 0.03990008901527329]
[ -15.9064426  -153.90474114   31.77599791];[0.4409073387077678, 0.6424052350147024, -1.0132775513200452, -0.05446707485246267]
[ -15.91232433 -153.9572862    23.85947771];[0.28990905410954776, 0.5945732516544849, -0.7763410236826921, -0.10496983643566896]
[ -15.91445391 -153.9817033    15.91445385];[0.1358529586861853, 0.5658832636869299, -0.5658832324238758, -0.13585295796745356]
[ -15.91410555 -153.9932979     7.95854511];[-0.024837772645224687, 0.5500000008737996, -0.3733437111496206, -0.15308319919075822]
[-1.59130370e+01 -1.53996825e+02  2.52680762e-10];[-0.1939389081772636, 0.544866486136181, -0.1939389051926783, -0.1586385268355865]
[ -15.91410555 -153.9932979    -7.95854511];[-0.373343711228896, 0.5500000099169954, -0.024837774714270858, -0.15308320178402587]
[ -15.91445391 -153.9817033   -15.91445384];[-0.5658832320956886, 0.5658832689071258, 0.13585295703305603, -0.13585295780440965]
[ -15.91232433 -153.9572862   -23.85947771];[-0.7763410355083673, 0.5945732455748366, 0.28990904718095467, -0.10496983692165075]
[ -15.9064426  -153.90474114  -31.77599791];[-1.0132775550534097, 0.6424052329743344, 0.4409073428092178, -0.05446707240405867]
[ -15.88799132 -153.75814541  -39.59366627];[-1.2857963491995767, 0.7361485679521504, 0.6024154620445996, 0.039900090088789315]
[  -7.9485642  -153.79588121  -39.61550108];[-1.2643387208304138, 0.534307509961901, 0.621483866248789, 0.19000327811350726]
[  -7.95595062 -153.92382536  -31.78196118];[-0.9943542665296305, 0.44758488031702054, 0.4602959769439775, 0.10199213145182318]
[  -7.95839557 -153.97115268  -23.8618871 ];[-0.7595516212836005, 0.4014569730874569, 0.30823285068100226, 0.05419357248275606]
[  -7.95920079 -153.99339982  -15.91546318];[-0.5500374105516643, 0.3733650787416576, 0.15310675678376073, 0.02483050609635537]
[  -7.95984213 -154.00407079   -7.9598421 ];[-0.3577527540517023, 0.35775274995231254, -0.008412417218559823, 0.008412418593585463]
[-7.95929813e+00 -1.54007391e+02 -3.52940330e-11];[-0.17810165558941385, 0.35269891815656573, -0.1781016551554206, 0.003117598346238981]
[  -7.95984213 -154.00407079    7.9598421 ];[-0.008412416607390677, 0.3577527582722879, -0.35775274058065154, 0.008412415629083556]
[  -7.95920079 -153.99339982   15.91546318];[0.15310675587820627, 0.3733650887003119, -0.5500373944464076, 0.024830504062908265]
[  -7.95839558 -153.97115268   23.8618871 ];[0.30823286089485025, 0.40145696705549966, -0.7595516245686847, 0.05419357341832659]
[  -7.95595062 -153.92382535   31.78196116];[0.46029598661893845, 0.4475848775317837, -0.9943542673608469, 0.10199213219525496]
[  -7.9485642  -153.7958812    39.61550105];[0.6214838788779056, 0.5343075093857305, -1.264338725561554, 0.1900032817581889]
[-9.48465468e-10 -1.53806834e+02  3.96217981e+01];[0.6276822356394254, 0.35398591436107035, -1.2574628047828824, 0.35398590472748626]
[-4.29251554e-10 -1.53929507e+02  3.17836964e+01];[0.4665676141099677, 0.26863068478180696, -0.9883193887074095, 0.268630681138878]
[-2.92859291e-10 -1.53975304e+02  2.38625567e+01];[0.3141600592993008, 0.222345584865628, -0.7541678949585447, 0.22234558161153695]
[-1.04211774e-10 -1.53996918e+02  1.59157437e+01];[0.15869009582677, 0.1939485516010561, -0.5449367155822047, 0.19394854883341525]
[-2.34796204e-12 -1.54007276e+02  7.95993651e+00];[-0.0031016657147081147, 0.17809986163989802, -0.35271118205193186, 0.17809985920406504]
[ 3.58946117e-11 -1.54010201e+02  1.70880537e-09];[-0.17297157630176516, 0.17297157942769506, -0.17297156968084965, 0.17297157286019957]
[-5.14023894e-11 -1.54007276e+02 -7.95993651e+00];[-0.35271118399457024, 0.1780998629367039, -0.0031016648451479244, 0.17809985919109275]
[-3.80091997e-10 -1.53996918e+02 -1.59157437e+01];[-0.5449367088821284, 0.1939485570598399, 0.15869008336411525, 0.19394854850815987]
[-2.23752715e-10 -1.53975304e+02 -2.38625567e+01];[-0.754167911872677, 0.22234558382228573, 0.3141600612325846, 0.22234558138839822]
[-3.84851392e-10 -1.53929507e+02 -3.17836964e+01];[-0.988319377597782, 0.2686306852422169, 0.46656761829584564, 0.2686306822438709]
[-7.29023741e-10 -1.53806834e+02 -3.96217981e+01];[-1.2574628156353882, 0.3539859114460047, 0.6276822405843733, 0.353985904951546]
[   7.9485642  -153.79588121  -39.61550105];[-1.26433873919472, 0.19000328416842843, 0.6214838982388, 0.5343074990148478]
[   7.95595062 -153.92382536  -31.78196118];[-0.9943542647881278, 0.10199213099065595, 0.4602959720458891, 0.44758487077668463]
[   7.95839558 -153.97115268  -23.86188711];[-0.7595516274865419, 0.05419357213089347, 0.3082328587831636, 0.40145696374873086]
[   7.95920079 -153.99339982  -15.91546317];[-0.5500374096988421, 0.024830504352642176, 0.15310675941846172, 0.3733650737050721]
[   7.95984213 -154.00407079   -7.9598421 ];[-0.35775274118613065, 0.00841240390393581, -0.008412422120349388, 0.3577527444309464]
[ 7.95929813e+00 -1.54007391e+02 -4.19083245e-09];[-0.17810164738510223, 0.003117576682619704, -0.17810166274802722, 0.3526989158746832]
[   7.95984213 -154.00407079    7.9598421 ];[-0.00841241453324776, 0.008412405085030366, -0.35775274483955777, 0.357752744856073]
[   7.95920079 -153.99339982   15.91546318];[0.153106759774626, 0.024830486347266097, -0.550037393134748, 0.3733650719828644]
[   7.95839558 -153.97115268   23.8618871 ];[0.30823286206127615, 0.05419357138773255, -0.7595516230616624, 0.4014569641150895]
[   7.95595062 -153.92382536   31.78196118];[0.46029598844102165, 0.10199213332433199, -0.9943542782338859, 0.4475848699049485]
[   7.94856419 -153.79588119   39.61550102];[0.6214838731723351, 0.1900032841708312, -1.264338724063057, 0.5343075025017485]
[  15.88799132 -153.7581454    39.59366625];[0.6024154699423876, 0.03990009207989699, -1.285796350070856, 0.7361485590631086]
[  15.9064426  -153.90474113   31.77599791];[0.44090734348043914, -0.05446707757468681, -1.0132775606824393, 0.6424052161560829]
[  15.91232433 -153.9572862    23.85947771];[0.2899090491204504, -0.10496984402154912, -0.7763410275077197, 0.5945732391222596]
[  15.9144539  -153.9817033    15.91445384];[0.13585296290664997, -0.1358529710310048, -0.5658832305425704, 0.5658832412312469]
[  15.91410555 -153.9932979     7.95854511];[-0.024837773412662367, -0.1530832057348497, -0.37334371262001376, 0.5499999917869536]
[ 1.59130370e+01 -1.53996825e+02  6.91478745e-10];[-0.1939389073258255, -0.1586385598594169, -0.1939389045697782, 0.5448664772391935]
[  15.91410556 -153.9932979    -7.95854511];[-0.37334372018207734, -0.1530832021793888, -0.024837772398459954, 0.5499999863029612]
[  15.91445391 -153.9817033   -15.91445385];[-0.5658832348494279, -0.1358529692682488, 0.1358529647040134, 0.5658832401597818]
[  15.91232433 -153.9572862   -23.85947771];[-0.7763410385676863, -0.10496984336399423, 0.28990904752886953, 0.5945732354108062]
[  15.90644259 -153.90474113  -31.77599789];[-1.0132775597544788, -0.054467073418501856, 0.4409073481222199, 0.6424052220437029]
[  15.88799132 -153.75814541  -39.59366627];[-1.2857963447899272, 0.039900090258657525, 0.6024154560178454, 0.7361485602963722]
[  23.79771625 -153.66947762  -39.54143321];[-1.3253245534848994, -0.09815431160927923, 0.5681906418817807, 0.970501265135995]
[  23.84134072 -153.86340743  -31.76246659];[-1.0483891757904087, -0.20268676952144193, 0.4060223091046428, 0.8596400643447508]
[  23.85392944 -153.9278534   -23.85392933];[-0.8070372878606136, -0.25703319186042234, 0.25703318671027303, 0.8070373065492735]
[  23.85726002 -153.95663029  -15.91093847];[-0.5945112531143997, -0.28988746593777287, 0.10497023167973413, 0.7762581648828264]
[  23.85746853 -153.97025565   -7.95706173];[-0.4013839884208177, -0.3081720449492121, -0.054178125170174965, 0.7594046844553014]
[ 2.38559734e+01 -1.53974156e+02 -1.09807778e-10];[-0.22228769267258391, -0.3140614281871398, -0.22228769167103105, 0.7539569843364887]
[  23.85746852 -153.97025565    7.95706172];[-0.05417812298685193, -0.30817203959319417, -0.40138398645006734, 0.7594046824658973]
[  23.85726002 -153.95663029   15.91093848];[0.10497023976971716, -0.2898874709037027, -0.5945112461940953, 0.7762581588708968]
[  23.85392944 -153.9278534    23.85392933];[0.25703319163847627, -0.2570331898991465, -0.8070372885679535, 0.8070373042331741]
[  23.84134073 -153.86340743   31.76246659];[0.40602233102026974, -0.20268676049079706, -1.0483891769750253, 0.8596400587506771]
[  23.79771626 -153.66947763   39.5414332 ];[0.5681906524854141, -0.09815431178877497, -1.3253245495640662, 0.9705012605467673]
[  31.56974889 -153.44244201   39.40979963];[0.4817792033593595, -0.2666035096416171, -1.4386963253523641, 1.1908937461740545]
[  31.72723576 -153.76494765   31.72723556];[0.34738048101541835, -0.34738047907286757, -1.1110666412282, 1.1110666597066545]
[  31.76070597 -153.86243024   23.84015923];[0.20270882642446697, -0.40602082908111814, -0.8595588217522038, 1.0482934487246267]
[  31.77156575 -153.90291701   15.90458091];[0.05451831637936602, -0.4408743387171855, -0.6422702620341859, 1.0130755983984032]
[  31.77450825 -153.92130548    7.95443586];[-0.10189710335762173, -0.4602172645634857, -0.4474249144153779, 0.994044080414638]
[ 3.17730141e+01 -1.53926140e+02 -5.77130448e-11];[-0.2684603588697263, -0.4664446899675573, -0.2684603563743674, 0.987887267547316]
[  31.77450825 -153.92130548   -7.95443586];[-0.4474249132423673, -0.4602172881847358, -0.10189710447813394, 0.9940440819228503]
[  31.77156577 -153.90291702  -15.90458092];[-0.6422702604020911, -0.44087435404675734, 0.05451831403472904, 1.0130755981466955]
[  31.76070597 -153.86243024  -23.84015922];[-0.859558829285262, -0.4060208093353501, 0.2027088319735752, 1.048293449130092]
[  31.72723576 -153.76494766  -31.72723557];[-1.1110666360597299, -0.34738048869705607, 0.3473804778102686, 1.1110666506215106]
[  31.56251231 -153.37132437  -39.3231446 ];[-1.3094602678025309, -0.2165746354041371, 0.5338599357414854, 1.2747175570630822]
[  38.45297262 -152.10152516  -38.47527158];[-1.3536527696278353, -0.3954225449036498, 0.4515284525974729, 1.5087949922177182]
[  39.31833814 -153.36682917  -31.55882008];[-1.274053476807864, -0.5336210530194834, 0.21692597256134893, 1.3102485051088495]
[  39.53180938 -153.66294766  -23.79339771];[-0.969797683570477, -0.5681419476868271, 0.09854535492942207, 1.3246906164906656]
[  39.58199705 -153.7515534   -15.88471177];[-0.7355678266791135, -0.6023108383342828, -0.03949948532419756, 1.2851247321049066]
[  39.5998024  -153.78795991   -7.94642369];[-0.5336979250818852, -0.6213159860106675, -0.1894972924296889, 1.2634935066299349]
[ 3.96010331e+01 -1.53796756e+02 -4.36350627e-10];[-0.3532876283780832, -0.6274490622159727, -0.3532876242096543, 1.2563683618745936]
[  39.5998024  -153.78795992    7.94642369];[-0.1894972928575691, -0.621315996900597, -0.5336979201412843, 1.263493502882276]
[  39.58199705 -153.7515534    15.88471177];[-0.039499489807200784, -0.6023108658691884, -0.7355678199688769, 1.2851247374955017]
[  39.53180935 -153.66294763   23.7933977 ];[0.09854535215121815, -0.5681419527840532, -0.9697976834943262, 1.324690616392719]
[  39.40314733 -153.43644894   31.56585814];[0.26639268571420527, -0.4821572490247678, -1.1911804302217934, 1.4378969652895277]
[  38.4262532  -152.07074333   38.44664024];[0.4538765299439881, -0.39593540475440026, -1.3473654810819844, 1.5037935922592984]
[  35.67992672 -155.94239111   35.77651977];[0.31082758364321217, -0.27400140393414085, -1.4068207333798999, 1.5390272505965794]
[  36.92335052 -158.0712321    29.74132996];[0.10712296030254763, -0.32856435370861975, -1.311061875337193, 1.5390272505965794]
[  38.12614226 -159.85417762   23.07492943];[-0.1113409311053295, -0.3803858860615824, -1.2130149403776767, 1.539027250596579]
[  38.89272099 -160.87031387   15.68397448];[-0.31381990719500863, -0.42229175897900223, -1.0652025165050565, 1.5325916801812514]
[  39.08586386 -161.13797215    7.88160205];[-0.4745666718336933, -0.44224014278869694, -0.842538667162274, 1.5159942083536864]
[ 3.91258922e+01 -1.61194505e+02 -1.59187800e-09];[-0.644616133690429, -0.44743829748320735, -0.6446161279305367, 1.5118225189280454]
[  39.0776093  -161.13128553   -7.8809184 ];[-0.842761516921133, -0.44307713449028485, -0.4747926960453204, 1.511822518928045]
[  38.88027005 -160.86003616  -15.68178862];[-1.0640370584858214, -0.4231888337798904, -0.3134367776233249, 1.5269383140245214]
[  38.18241274 -159.95242523  -23.15039225];[-1.2457267317536385, -0.38566224097125834, -0.12393045246823617, 1.526938314024521]
[  36.99794514 -158.20091944  -29.87888256];[-1.3625108509715145, -0.33349282440351247, 0.09198677001323854, 1.5269383140245207]
[  35.57654776 -155.82201545  -35.6034292 ];[-1.3625108509715138, -0.27399053944201895, 0.323307239228499, 1.52693831402452]
[  29.79300618 -158.10500699  -36.9895741 ];[-1.3728586692395444, -0.04604635964844565, 0.3740239854291529, 1.5269383140245192]
[  30.99038506 -160.46467743  -30.97570835];[-1.4434351690489649, -0.16938477049117462, 0.11646650686321339, 1.2922538688467355]
[  31.47599372 -161.35740671  -23.66027728];[-1.158825868265875, -0.21087213174829228, -0.033878615987633164, 1.3169277823399836]
[  31.59523743 -161.58446792  -15.84439338];[-0.9044836461316981, -0.25378946307312855, -0.18156659720876794, 1.2576319776506]
[  31.62474986 -161.64895879   -7.93126875];[-0.6886113427286208, -0.2744662735841824, -0.3339823690259151, 1.2301887557815934]
[ 3.16289700e+01 -1.61663051e+02 -1.42785954e-09];[-0.5011701048576426, -0.28094019521282493, -0.5011701023638798, 1.2215079433886098]
[  31.62474986 -161.6489588     7.93126875];[-0.33398236584022606, -0.27446624939255837, -0.6886113453819231, 1.2301887613118478]
[  31.59523742 -161.58446792   15.84439337];[-0.18156659498911853, -0.2537894472761062, -0.9044836458852682, 1.2576319727088097]
[  31.47365184 -161.35496381   23.65974209];[-0.03492734358141698, -0.21195104839746057, -1.1606003982953015, 1.3140198748480727]
[  31.04569176 -160.57921736   31.0786979 ];[0.15943209879933407, -0.11829992658590141, -1.3202878226624433, 1.4449726640020986]
[  29.85413402 -158.32110611   37.26180578];[0.351985859966044, -0.054881971782178046, -1.458779235158489, 1.4836873312173018]
[  23.12467519 -159.93251853   38.18917163];[0.38131796151173153, 0.11913747992305955, -1.543398888659663, 1.2320336950672213]
[  23.66106178 -161.35375656   31.47183477];[0.21472778815828705, 0.03775914192369588, -1.3063684827384685, 1.1654527321576382]
[  23.7757974  -161.69146447   23.77579724];[0.051812555270667054, -0.05181255861096452, -1.0466809153451129, 1.0466809183596593]
[  23.79876452 -161.77604589   15.87806724];[-0.09870641532429672, -0.0941873161355839, -0.8112204056163862, 0.9964674256398819]
[  23.80546501 -161.80748039    7.94371474];[-0.25548642368132085, -0.11563886222566981, -0.6068359147296877, 0.971998132574059]
[ 2.38053582e+01 -1.61814582e+02  1.69275305e-09];[-0.4235080182541219, -0.12237503418665224, -0.42350801054167336, 0.964334216811702]
[  23.80546501 -161.8074804    -7.94371475];[-0.6068359165124829, -0.11563887550341878, -0.25548642257773047, 0.971998137269976]
[  23.79876452 -161.7760459   -15.87806724];[-0.8112204118729546, -0.09418732351812166, -0.09870641798527749, 0.9964674210437958]
[  23.7757974  -161.69146447  -23.77579724];[-1.0466809071769347, -0.05181256079736525, 0.0518125542956973, 1.0466809208839107]
[  23.66197457 -161.3587654   -31.47691086];[-1.313989881045872, 0.03526092646856127, 0.21204772853303444, 1.1613071340353285]
[  23.11692844 -159.98013534  -38.28004113];[-1.3928367914170754, 0.17492677930537653, 0.42445085392902226, 1.370245083615301]
[  15.68377418 -160.86454979  -38.88343604];[-1.522097189740296, 0.31471414736597925, 0.4243502488774772, 1.0654744401380332]
[  15.84748075 -161.59233436  -31.6031385 ];[-1.2582360213354788, 0.18195143084815307, 0.2537712871144823, 0.9051235674729405]
[  15.87961949 -161.77883653  -23.80131481];[-0.9966462450818823, 0.0987734838606623, 0.09415902300699988, 0.8113740257827469]
[  15.88997012 -161.84155045  -15.88997004];[-0.7685770852048742, 0.0584233023774359, -0.058423307706333284, 0.7685770956137001]
[  15.89207538 -161.86464412   -7.94852016];[-0.5675603350184765, 0.03770079591439855, -0.21679923490713252, 0.7469728917986838]
[ 1.58915362e+01 -1.61870000e+02 -1.12290861e-09];[-0.38531064036203017, 0.031174232609851957, -0.3853106399384929, 0.740175703796436]
[  15.89207538 -161.86464412    7.94852016];[-0.21679923068644205, 0.03770079431669121, -0.5675603316025616, 0.7469728931209504]
[  15.88997013 -161.84155046   15.88997004];[-0.05842330295683476, 0.05842330421410068, -0.7685770855783449, 0.7685770938633254]
[  15.87961949 -161.77883654   23.80131482];[0.09415901621508599, 0.09877348405626094, -0.9966462339900425, 0.811374023172341]
[  15.84748076 -161.59233438   31.60313851];[0.2537712852149242, 0.1819514315315875, -1.2582360227981892, 0.9051235589803803]
[  15.69956874 -160.9057633    38.95935312];[0.459915937057075, 0.36554472791295, -1.3911469933799443, 1.1512793586463181]
[   7.88749973 -161.18609105   39.14202392];[0.4394400978222125, 0.4766246923335692, -1.5342018546193281, 0.845287249939115]
[   7.93360415 -161.66036844   31.63726371];[0.27447706746882633, 0.3345683108341231, -1.2310521154102618, 0.6893575810713541]
[   7.94522009 -161.81252895   23.81063888];[0.1156106763138178, 0.2556323814080398, -0.9723174300861215, 0.6070583718737032]
[   7.94925164 -161.8665455    15.89360664];[-0.037719494186866084, 0.21683846243760685, -0.7470673463920683, 0.5676343881114263]
[   7.95169961 -161.89084973    7.95169957];[-0.19684948105742925, 0.19684948313039086, -0.5475499797165297, 0.5475499852534844]
[ 7.95136061e+00 -1.61895472e+02  1.82322787e-09];[-0.3656481455607237, 0.19051068159675416, -0.3656481369452093, 0.5411560443087708]
[   7.95169961 -161.89084973   -7.95169956];[-0.5475499800384842, 0.19684948874125263, -0.1968494810353865, 0.5475499848034199]
[   7.94925164 -161.8665455   -15.89360664];[-0.7470673552749616, 0.21683846197791484, -0.037719493934103114, 0.5676343899686823]
[   7.94522009 -161.81252895  -23.81063888];[-0.9723174453546516, 0.2556323781288991, 0.11561068110338109, 0.6070583707564703]
[   7.93360415 -161.66036847  -31.63726374];[-1.2310521221498376, 0.33456830886195893, 0.2744770641826797, 0.6893575806324337]
[   7.89096683 -161.1925724   -39.17977328];[-1.4037875790781003, 0.5163860207203027, 0.46992659824868876, 0.8925286779242354]
[-4.43241065e-09 -1.61168590e+02 -3.91245514e+01];[-1.3583845056413915, 0.7075363828822916, 0.49297135619104027, 0.7075363611695474]
[-9.62126660e-10 -1.61678305e+02 -3.16461870e+01];[-1.2226620668976953, 0.5020310548590415, 0.28096914671398693, 0.5020310399826374]
[-6.40402192e-10 -1.61821943e+02 -2.38131905e+01];[-0.9647995984744131, 0.4237695902583877, 0.12234467840941958, 0.4237695753877865]
[-4.53004516e-10 -1.61873645e+02 -1.58946050e+01];[-0.7403563993649166, 0.3854158601652675, -0.031204285677767733, 0.38541584228857617]
[-2.05007245e-10 -1.61896973e+02 -7.95206420e+00];[-0.5412111634843852, 0.3656868689323501, -0.19053316783333288, 0.3656868520946828]
[-2.24265452e-10 -1.61906652e+02 -6.46406742e-10];[-0.3595446056676725, 0.35954462775414725, -0.35954460680486033, 0.3595446051266664]
[-2.73804721e-10 -1.61896973e+02  7.95206420e+00];[-0.19053316960678218, 0.3656868778429005, -0.5412111648039961, 0.3656868513468781]
[-2.35076321e-10 -1.61873645e+02  1.58946050e+01];[-0.031204279662889713, 0.385415853421317, -0.7403563996837684, 0.385415843028397]
[-3.23453251e-10 -1.61821943e+02  2.38131905e+01];[0.1223446808945498, 0.42376958364372125, -0.9647996034825473, 0.4237695766232879]
[-6.68174600e-10 -1.61678305e+02  3.16461870e+01];[0.28096916501193636, 0.5020310518939457, -1.2226620669964416, 0.5020310438561215]
[-6.30482435e-10 -1.61206413e+02  3.91692146e+01];[0.48470663194238495, 0.6983365216314459, -1.37768024337546, 0.6983365133360775]
[  -7.88397376 -161.11202706   39.0847745 ];[0.48756048487833403, 0.913489897511369, -1.3611242781041504, 0.5336423369442906]
[  -7.93360415 -161.66036843   31.63726371];[0.27447707374168784, 0.6893575907549718, -1.2310521165830033, 0.3345683054692803]
[  -7.94522009 -161.81252896   23.81063889];[0.11561067452030083, 0.6070583880261732, -0.9723174339195472, 0.2556323735526196]
[  -7.94925164 -161.8665455    15.89360664];[-0.03771949635376212, 0.5676344191250156, -0.7470673460459387, 0.2168384515850204]
[  -7.95169961 -161.89084973    7.95169957];[-0.19684948410494843, 0.5475499994525618, -0.5475499791725351, 0.19684947987098755]
[-7.95136061e+00 -1.61895472e+02  4.31698268e-10];[-0.3656481452751231, 0.5411560694605702, -0.3656481391296098, 0.1905106688869296]
[  -7.95169961 -161.89084973   -7.95169957];[-0.5475499835434399, 0.5475499965052966, -0.19684947926924576, 0.1968494787453769]
[  -7.94925164 -161.8665455   -15.89360664];[-0.7470673564826565, 0.5676344001762853, -0.037719489546140676, 0.21683845313401215]
[  -7.94522009 -161.81252895  -23.81063888];[-0.972317430115989, 0.6070583855167401, 0.11561067508121764, 0.2556323733667955]
[  -7.93360415 -161.66036844  -31.63726372];[-1.2310521212166807, 0.689357589518271, 0.27447705984070453, 0.3345683009649776]
[  -7.89096684 -161.19257239  -39.17977328];[-1.4037875819220762, 0.8925286930058891, 0.4699266063084485, 0.5163859998628187]
[ -15.69453321 -160.87099633  -38.91588344];[-1.370569136086652, 1.1635882386196774, 0.46858643848891934, 0.3735498327313454]
[ -15.84748076 -161.59233437  -31.6031385 ];[-1.2582360156433317, 0.9051235797936944, 0.2537712785323071, 0.18195142134834746]
[ -15.87961949 -161.77883655  -23.80131483];[-0.996646236708506, 0.811374045564736, 0.09415901375918659, 0.09877348091769189]
[ -15.88997013 -161.84155046  -15.88997003];[-0.7685770905685627, 0.7685770997390483, -0.058423299924358234, 0.05842330837699126]
[ -15.89207538 -161.86464412   -7.94852016];[-0.5675603416526873, 0.7469728984334897, -0.21679922869910928, 0.037700799503658254]
[-1.58915362e+01 -1.61870000e+02  2.91573816e-11];[-0.3853106377096007, 0.740175714435699, -0.38531063807538474, 0.03117423312988378]
[ -15.89207538 -161.86464412    7.94852016];[-0.216799230927904, 0.7469729240160022, -0.5675603298144122, 0.03770079689962701]
[ -15.88997013 -161.84155046   15.88997004];[-0.05842330438300583, 0.7685771199090244, -0.768577081102875, 0.05842330308932244]
[ -15.8796195  -161.77883655   23.80131483];[0.09415901889928412, 0.811374040061838, -0.996646235798759, 0.09877348177305514]
[ -15.84748076 -161.59233438   31.60313851];[0.2537712949446256, 0.9051235703889631, -1.2582360220385473, 0.1819514277039414]
[ -15.69956874 -160.90576331   38.95935313];[0.45991594240006706, 1.1512793532867494, -1.3911470110423516, 0.36554471283323103]
[ -23.13413093 -159.99956826   38.29494198];[0.42507604149946704, 1.384341134778253, -1.3911470110423534, 0.17877523591619954]
[ -23.66327215 -161.36447202   31.48231881];[0.209658648169091, 1.1573254095751901, -1.3203525582678104, 0.03291860274129511]
[ -23.77579742 -161.69146449   23.77579725];[0.05181255997484195, 1.046680928702669, -1.0466809181992591, -0.051812552125224454]
[ -23.79876451 -161.77604589   15.87806723];[-0.0987064110383891, 0.996467429281122, -0.8112204078325888, -0.09418730979926668]
[ -23.80546502 -161.8074804     7.94371474];[-0.255486418761375, 0.9719981458833206, -0.6068359155945148, -0.11563885728632593]
[-2.38053583e+01 -1.61814582e+02 -4.18792353e-10];[-0.42350801900945567, 0.964334229372169, -0.4235080101300977, -0.12237500303478219]
[ -23.80546501 -161.8074804    -7.94371475];[-0.6068359213966334, 0.9719981506629355, -0.25548641801724553, -0.11563885498339703]
[ -23.79876451 -161.77604589  -15.87806724];[-0.8112204100911696, 0.996467432699176, -0.09870641068711433, -0.09418731043948123]
[ -23.7757974  -161.69146447  -23.77579724];[-1.046680916827371, 1.0466809280416276, 0.051812560072943006, -0.05181255631799854]
[ -23.66197453 -161.35876524  -31.47691069];[-1.3139897276572363, 1.1613072316442663, 0.21204778744480693, 0.03526097367172786]
[ -23.11692857 -159.98013489  -38.28004053];[-1.3928364464683245, 1.3702455942539087, 0.4244509726621516, 0.1749269257266028]
[ -29.79491254 -158.16215525  -37.06136498];[-1.3928364464683232, 1.5034870737699209, 0.3692687501950735, -0.050027869584622214]
[ -31.07937755 -160.58210752  -31.05037355];[-1.4492152101242057, 1.318817247902414, 0.11723956381777309, -0.15991140405171503]
[ -31.47542596 -161.35680895  -23.6601427 ];[-1.1592495199286175, 1.3162493037051493, -0.03412806586660116, -0.21112668314154592]
[ -31.59523744 -161.58446793  -15.84439338];[-0.9044836488548503, 1.2576319850264508, -0.18156658960058475, -0.2537894385619053]
[ -31.62474987 -161.6489588    -7.93126875];[-0.6886113423216119, 1.2301887689662527, -0.3339823588651053, -0.2744662343925577]
[-3.16289700e+01 -1.61663051e+02  1.96239692e-11];[-0.5011700999541706, 1.2215079563796492, -0.501170098798582, -0.28094014710208737]
[ -31.6247499  -161.64895884    7.93126875];[-0.33398235975663204, 1.2301887837430965, -0.6886113356184325, -0.27446623626856353]
[ -31.59523745 -161.58446793   15.84439338];[-0.18156658982985555, 1.2576319837670098, -0.9044836454683651, -0.2537894338634448]
[ -31.47365185 -161.35496384   23.65974208];[-0.03492733662525899, 1.314019878038378, -1.1606003839857781, -0.211951032120353]
[ -31.04569163 -160.57921711   31.0786977 ];[0.15943213468648906, 1.4449726931530338, -1.3202877826232764, -0.11829990374729196]
[ -29.85413424 -158.32110624   37.2618059 ];[0.3519858561747742, 1.483687477966581, -1.4587792537336575, -0.05488194669954993]
[ -35.67136747 -155.98927841   35.8660755 ];[0.3043801248198025, 1.5191432002761225, -1.4371201461339949, -0.27744369456258433]
[ -36.96948788 -158.13945432   29.80957169];[0.09980741518424151, 1.5369381095378492, -1.3345832090585865, -0.3303712572803653]
[ -38.11458544 -159.84161009   23.0677346 ];[-0.11031489413278017, 1.53693810953785, -1.2106738262860675, -0.3805618926219723]
[ -38.89569458 -160.87276443   15.68449899];[-0.31391494806964204, 1.53397100434831, -1.0654831778536267, -0.4220742474798189]
[ -39.08430976 -161.13671502    7.88147332];[-0.47460868972314474, 1.5151997271396902, -0.8425802676505204, -0.4423989832546795]
[-3.91263166e+01 -1.61194844e+02  3.82668791e-14];[-0.6445971703103488, 1.5120483244549634, -0.6445971679692074, -0.44739131708208557]
[ -39.07806215 -161.13165294   -7.8809559 ];[-0.8427491806859893, 1.5120483244549647, -0.47478012155268334, -0.44303163327103096]
[ -38.87827177 -160.85838439  -15.68143937];[-1.0638513137286278, 1.5260486502546322, -0.3133773730123814, -0.42333083757587237]
[ -38.17989754 -159.95043298  -23.14969169];[-1.245650833021342, 1.5260486502546315, -0.12387835736835183, -0.3858343831936639]
[ -36.99505035 -158.19889645  -29.87755198];[-1.3621453755968265, 1.5260486502546322, 0.0921211089092128, -0.33363098210241615]
[ -35.57360908 -155.82038666  -35.60155729];[-1.3621453755968251, 1.526048650254631, 0.32345307551439656, -0.27409465008294365]
[ -32.81401146 -159.07137032  -32.83758063];[-1.3621453755968267, 1.526048650254633, 0.20876245680470693, -0.16527456843175137]
[ -33.87380291 -161.35521555  -27.46206238];[-1.362145375596827, 1.5260486502546322, -0.00392533013477793, -0.20758972807184806]
[ -34.8585549  -163.26053079  -21.2911342 ];[-1.3030549156091764, 1.526048650254633, -0.22278286246589218, -0.24735487831589204]
[ -35.77952601 -164.71318448  -14.46855575];[-1.1898491767908612, 1.5634150703370913, -0.44783241896836573, -0.27343764318959896]
[ -36.51595898 -165.843517     -7.36138893];[-1.1083385939692043, 1.563415070337093, -0.7103506308161323, -0.2994069477460721]
[-3.68380992e+01 -1.66313205e+02 -5.22448269e-09];[-0.9573678828679395, 1.5634150703370893, -0.9573678769285995, -0.3094785681353385]
[ -36.55275362 -165.89106347    7.38832891];[-0.7178607587878407, 1.5634150703370895, -1.1216585885759618, -0.30064381864406364]
[ -35.84646658 -164.807027     14.54225674];[-0.45953751902562334, 1.563415070337092, -1.2193167927557451, -0.2755630158329155]
[ -34.85782734 -163.12734505   21.11317175];[-0.2068774814363447, 1.5634150703370893, -1.245468451181696, -0.23904282793025358]
[ -33.9218676  -161.27965191   27.3285866 ];[0.0032592764791826503, 1.5634150703370886, -1.3248929150969042, -0.20208419990322724]
[ -32.90201227 -159.02663267   32.76393435];[0.2097476212379474, 1.5634150703370902, -1.3479509111813313, -0.1619007584500321]
[ -27.39597955 -161.22498427   33.81563941];[0.24595571486759701, 1.540197296022228, -1.3589789812602946, 0.04640985062087878]
[ -28.44923491 -163.83451542   28.45739917];[0.0323542882003686, 1.5401972960222277, -1.358978981260295, 0.006077164642795008]
[ -29.52679923 -166.09676348   22.26329718];[-0.19280980325198283, 1.5356156224110313, -1.3174710671542107, -0.035345245826405844]
[ -30.45747093 -167.78647607   15.31654876];[-0.42003157778838224, 1.5393632790230531, -1.2021936114342662, -0.06917007003362509]
[ -30.87840324 -168.54858406    7.77412008];[-0.6323264493954374, 1.4817787919554852, -1.031693300717358, -0.10219199532933051]
[-3.10025391e+01 -1.68744412e+02 -5.18080364e-10];[-0.8327659954355408, 1.481778791955484, -0.83276599508787, -0.10983704394648398]
[ -30.87840331 -168.54858419   -7.7741201 ];[-1.0316933041910148, 1.4817787919554852, -0.6323264487742901, -0.10219199828344895]
[ -30.37982047 -167.73803769  -15.32033619];[-1.2089867245477772, 1.488201735101429, -0.4213735313331634, -0.07909555554287041]
[ -29.44106726 -166.05647314  -22.25736728];[-1.317649053638354, 1.48820173510143, -0.1912119537256041, -0.043000650872890706]
[ -28.2906165  -163.70018094  -28.31119724];[-1.3176490536383545, 1.488201735101433, 0.04601889671825046, 0.0009819258743552356]
[ -27.34903754 -161.37695647  -34.06780145];[-1.4161852987094217, 1.4882017351014343, 0.23518485463986466, 0.040470543745967646]
[ -21.28392813 -163.33084913  -35.09458122];[-1.4161852987094188, 1.483904239243701, 0.2712964115376587, 0.2734435435801815]
[ -22.18011937 -166.10476754  -29.59640534];[-1.3840588562987717, 1.4335705907057408, 0.06720078217733212, 0.2256864964145716]
[ -23.20544688 -168.3974302   -23.15690281];[-1.3983062975627631, 1.2817900425242728, -0.17542863701441683, 0.14001725518697222]
[ -23.60795367 -169.31561524  -15.74331262];[-1.069013634141766, 1.3346759060211029, -0.31122114309470444, 0.1283159728627671]
[ -23.62866519 -169.43243239   -7.90096249];[-0.897387875127023, 1.2421460926994665, -0.5143534398767207, 0.0722686010524968]
[-2.36364767e+01 -1.69460550e+02 -3.80607772e-10];[-0.6911765995750487, 1.2290316155790915, -0.6911765948096981, 0.06406982232300945]
[ -23.6286652  -169.4324324     7.90096249];[-0.514353449853296, 1.2421460885258684, -0.8973878763267452, 0.0722685998193335]
[ -23.60795367 -169.31561522   15.74331262];[-0.3112211523527393, 1.3346758936486711, -1.0690136334282243, 0.12831597426887498]
[ -23.1196658  -168.30248536   23.13424738];[-0.12897703813726638, 1.4153929379143115, -1.250331786653697, 0.1815712160466212]
[ -22.07907259 -165.90880141   29.40856328];[0.0826665745200919, 1.4153929379143118, -1.3309330040857372, 0.2241379796189723]
[ -21.19245146 -163.39038144   35.21780147];[0.2639335358370894, 1.4153929379143113, -1.4574471616356082, 0.2631750977225118]
[ -14.51266828 -164.9081327    36.02704453];[0.30613371453556987, 1.3695880785487369, -1.4211202060104673, 0.5195138120504095]
[ -15.30764422 -167.83142245   30.51725924];[0.11154681170770399, 1.3540832060287795, -1.3564405509348902, 0.47761180958439786]
[ -15.74543354 -169.32227448   23.61216251];[-0.1285980128754027, 1.0688262846525167, -1.3352524710832736, 0.311114516169143]
[ -15.82386974 -169.58283251   15.82386962];[-0.2719730047717827, 1.033293100698375, -1.0332930907494877, 0.2719729993058667]
[ -15.83989026 -169.65994472    7.92618417];[-0.4353514800667834, 0.9922516490193973, -0.8061677247532016, 0.24057153245597135]
[-1.58420294e+01 -1.69675383e+02 -3.18537172e-10];[-0.610258761172503, 0.9808896739098695, -0.6102587555059594, 0.2316754918391097]
[ -15.83989028 -169.65994475   -7.92618418];[-0.806167725444984, 0.9922516621082289, -0.43535147211454944, 0.2405715292807971]
[ -15.82386973 -169.5828325   -15.82386961];[-1.0332930930912145, 1.0332930975812475, -0.27197300336892377, 0.27197299892162047]
[ -15.74430752 -169.24386404  -23.53995122];[-1.1871802920547259, 1.169659576517529, -0.07350301409031752, 0.36793601839820045]
[ -15.27305405 -167.72612942  -30.43637439];[-1.5582356683752847, 1.1830350709918047, 0.06470034539927758, 0.412772766145044]
[ -14.48155692 -164.72381691  -35.77687083];[-1.5582356683752838, 1.1945855156429221, 0.2746148413427009, 0.4495465876269691]
[  -7.36083833 -165.83630542  -36.50279588];[-1.5582356683752832, 1.1085726453292273, 0.3003852830102576, 0.71036890569799]
[  -7.79441987 -168.71908337  -31.04897268];[-1.5582356683752856, 1.0600584372090869, 0.09150994335538502, 0.6475121054694032]
[  -7.90260611 -169.44168057  -23.63476777];[-1.242754875715212, 0.8980975142096068, -0.0723471471546803, 0.5148575783470336]
[  -7.92699384 -169.66364131  -15.84163751];[-0.9924459094325706, 0.8063385376711423, -0.24063838928104608, 0.43546319125267496]
[  -7.93537097 -169.73566417   -7.93537092];[-0.772059873027621, 0.7720599022480307, -0.4044747364608609, 0.4044747337258614]
[-7.93585420e+00 -1.69747008e+02 -7.18358729e-10];[-0.5787755608119058, 0.7621342740944504, -0.5787755445536316, 0.3954751335834611]
[  -7.93537098 -169.7356642     7.93537092];[-0.40447473715693516, 0.7720599085521301, -0.7720598664928604, 0.40447473410518353]
[  -7.92699385 -169.66364133   15.84163753];[-0.2406383915839184, 0.8063385352899297, -0.9924459031999867, 0.4354631959574959]
[  -7.90260611 -169.44168057   23.63476777];[-0.07234714753054235, 0.8980975173560625, -1.2427548721959443, 0.5148575800697646]
[  -7.79942338 -168.68466578   31.02119818];[0.138519641876757, 1.146563020944659, -1.3435750390553545, 0.7044380066358654]
[  -7.35446644 -165.89620648   36.60010346];[0.3417220985921564, 1.2675672259094457, -1.389215820069278, 0.802583158992273]
[-8.00563773e-09 -1.66443100e+02  3.69821615e+01];[0.35248140500919817, 1.0979227162268643, -1.394194947114464, 1.0979227119520294]
[-1.32122830e-09 -1.68770160e+02  3.10227216e+01];[0.11013696736734863, 0.8362839480060471, -1.4826876409362146, 0.8362839357984412]
[-8.86181556e-10 -1.69475294e+02  2.36464761e+01];[-0.06417686096731823, 0.6920876908090245, -1.2299724732130333, 0.6920876835741273]
[-9.43840478e-10 -1.69682763e+02  1.58456318e+01];[-0.2317983892563351, 0.6105296064564836, -0.9812656183979999, 0.6105296003525518]
[ 9.90950235e-09 -1.69750109e+02  7.93664300e+00];[-0.39554508780106035, 0.5788706359668511, -0.7622533962386541, 0.5788706006919048]
[-1.14236290e-09 -1.69779206e+02  3.77533272e-10];[-0.5701904222524921, 0.5701904457141609, -0.5701904183356029, 0.5701904166837007]
[-1.00120566e-08 -1.69750109e+02 -7.93664268e+00];[-0.7622528821486197, 0.5788706887857336, -0.39554529022535506, 0.5788706937173826]
[-7.59739212e-10 -1.69682763e+02 -1.58456318e+01];[-0.9812656171281849, 0.6105296124596978, -0.23179838505112657, 0.6105296014251222]
[-1.31744009e-09 -1.69475294e+02 -2.36464761e+01];[-1.2299724726102315, 0.6920876906714982, -0.06417686225788566, 0.6920876777232847]
[-4.30345853e-09 -1.68751019e+02 -3.10300363e+01];[-1.3166489542222246, 0.9153438194893412, 0.153642097296173, 0.9153438086491068]
[-1.46812249e-08 -1.66479421e+02 -3.70658422e+01];[-1.6125465456357706, 0.9936654110687146, 0.30594314814189416, 0.9936653999619374]
[   7.3842855  -165.99057687  -36.71657053];[-1.6125465456357708, 0.7287937526975788, 0.29377804781496786, 1.1361731488729332]
[   7.80869737 -168.78408485  -31.12002433];[-1.385658927172638, 0.6930578311011879, 0.12360711427900593, 1.1316532472457683]
[   7.90260611 -169.4416806   -23.63476779];[-1.2427548755588662, 0.5148575901303499, -0.07234715059337071, 0.8980975090338532]
[   7.92699384 -169.66364132  -15.84163752];[-0.9924459049495082, 0.43546319842778425, -0.24063838700338436, 0.8063385225400692]
[   7.93537097 -169.73566417   -7.93537092];[-0.7720598754629062, 0.4044747431390406, -0.4044747369861878, 0.7720598738496945]
[ 7.93585421e+00 -1.69747008e+02 -1.91108796e-10];[-0.5787755484708362, 0.39547514408741025, -0.5787755455369961, 0.7621342712463142]
[   7.93537097 -169.73566419    7.93537092];[-0.4044747380157766, 0.4044747451702096, -0.7720598709183631, 0.7720598763466748]
[   7.92699385 -169.66364134   15.84163753];[-0.24063839288051384, 0.4354632106598541, -0.9924459036891464, 0.8063385200553446]
[   7.90260611 -169.44168056   23.63476777];[-0.072347150785682, 0.5148575880634143, -1.2427548741447496, 0.8980975035770377]
[   7.79942336 -168.68466572   31.02119816];[0.1385196273352094, 0.7044380144862596, -1.34357504687681, 1.1465630041833768]
[   7.35446632 -165.8962058    36.60010269];[0.34172213893833553, 0.8025831419080166, -1.3892156950970855, 1.2675671252625014]
[  14.43929996 -164.74636882   35.84228708];[0.31494020650953103, 0.5124673224611, -1.3892156950970864, 1.3398031589844854]
[  15.30309612 -167.85271268   30.54229079];[0.10705327209934351, 0.47078980236703677, -1.371250221354424, 1.3329427262213098]
[  15.74543352 -169.32227442   23.61216249];[-0.12859800886575823, 0.31111452178937293, -1.3352524682932978, 1.0688262842329237]
[  15.82386975 -169.58283253   15.82386963];[-0.2719730148132995, 0.27197301248406, -1.0332930904176507, 1.0332930884559028]
[  15.83989027 -169.65994475    7.92618418];[-0.43535147891690273, 0.24057154280636067, -0.8061677251970093, 0.9922516391606093]
[ 1.58420294e+01 -1.69675383e+02  6.85248298e-10];[-0.6102587670995558, 0.23167550600252007, -0.6102587567176191, 0.9808896708986539]
[  15.83989026 -169.65994472   -7.92618417];[-0.8061677280196418, 0.2405715569128276, -0.43535147373630884, 0.9922516424577492]
[  15.82386973 -169.58283248  -15.82386961];[-1.0332930873527117, 0.271973004377235, -0.27197300675880587, 1.0332930918931913]
[  15.74430754 -169.2438641   -23.53995126];[-1.187180280931563, 0.36793603493935145, -0.07350301241589505, 1.169659580081456]
[  15.27305419 -167.72612959  -30.43637436];[-1.5582355193129545, 0.4127728027969326, 0.0647003596481631, 1.1830351169985711]
[  14.48155813 -164.72381828  -35.7768714 ];[-1.5582355193129527, 0.4495467742761851, 0.2746148827256624, 1.1945859376637809]
[  21.26414113 -163.26973361  -34.94508896];[-1.5582355193129525, 0.2225231478367358, 0.2425848583962818, 1.2963171414237635]
[  22.12648801 -165.94046987  -29.4643496 ];[-1.5582355193129533, 0.17762408524690532, 0.029810912455454155, 1.26520177911316]
[  23.12015658 -168.29127444  -23.12291375];[-1.2440762539539754, 0.18422037404685127, -0.12680041696168082, 1.4253060102712354]
[  23.53705634 -169.23877253  -15.74235246];[-1.169178778690456, 0.07363411954698687, -0.3676668957957226, 1.1877645775625632]
[  23.62866514 -169.43243233   -7.90096248];[-0.8973878798552546, 0.07226859167460932, -0.5143534515425002, 1.2421460739217975]
[ 2.36364767e+01 -1.69460550e+02 -3.64571079e-09];[-0.6911765993537866, 0.06406980953879007, -0.6911766051103876, 1.22903160759983]
[  23.62866515 -169.43243234    7.90096248];[-0.5143534516565164, 0.07226859401316459, -0.8973878820501404, 1.242146071994969]
[  23.6079537  -169.31561529   15.74331264];[-0.3112211598062912, 0.12831597857736413, -1.0690136223059596, 1.3346758812337702]
[  23.11966564 -168.30248509   23.13424725];[-0.12897703762265536, 0.18157120605527327, -1.250331770419619, 1.4153929276801485]
[  22.07907259 -165.90880146   29.40856337];[0.08266655792348199, 0.2241379869831228, -1.330933037230781, 1.415392927680149]
[  21.19245127 -163.39038102   35.21780094];[0.2639335701448956, 0.2631751103951644, -1.4574470072807677, 1.4153929276801485]
[  27.3514688  -161.44174319   34.21255712];[0.22693586496122412, 0.03884067540898255, -1.4574470072807684, 1.4763895827350053]
[  28.30589998 -163.77351912   28.40624451];[0.03880577564836314, -0.0018607100091736356, -1.3451403379296865, 1.4763895827350049]
[  29.36063294 -165.93247763   22.15595393];[-0.17843544225077243, -0.04177593587743188, -1.276803195013457, 1.4836183852597373]
[  30.29578244 -167.61373346   15.25237097];[-0.408068093091736, -0.07759246759799181, -1.177700283316847, 1.4836183852597369]
[  30.88317276 -168.55328721    7.7746398 ];[-0.6326538112541379, -0.10191349803574483, -1.032375704368885, 1.4836183852597369]
[ 3.10068770e+01 -1.68748728e+02 -9.43439483e-10];[-0.8329508596512405, -0.10951369926218613, -0.8329508553198579, 1.4836183852597373]
[  30.88317277 -168.55328721   -7.7746398 ];[-1.0323757172259453, -0.10191351238352148, -0.6326538172206466, 1.4836183852597364]
[  30.36943487 -167.72891953  -15.31875027];[-1.2090083275621721, -0.08000801268224163, -0.42128427227536513, 1.483618385259736]
[  29.42658518 -166.042923    -22.24951726];[-1.3147973371758885, -0.04368746277728469, -0.1902473929578182, 1.483618385259736]
[  28.27568058 -163.6875277   -28.29930516];[-1.3147973371758899, 0.0004479626269271314, 0.047018981019632526, 1.483618385259736]
[  27.33861417 -161.37594664  -34.06737594];[-1.4165117463746257, 0.03990278440717378, 0.23529455453759646, 1.483618385259735]
[  32.85442144 -159.17482769  -33.06929684];[-1.4165117463746273, -0.1670556219518516, 0.19742258380192576, 1.5184122237430469]
[  33.88277159 -161.39863206  -27.54636602];[-1.3899339703678202, -0.20919542169785404, -0.00976626282859636, 1.518412223743046]
[  34.76709992 -163.1147169   -21.13072228];[-1.2484933164171454, -0.24377713146422236, -0.2060800667850971, 1.529533748030698]
[  35.75579044 -164.7259195   -14.49718682];[-1.1986281498819615, -0.27642462668533907, -0.45060898860602355, 1.5483286367395346]
[  36.4487188  -165.79291478   -7.35458679];[-1.1011389050480316, -0.3013416858636696, -0.705405258772609, 1.5483286367395346]
[ 3.67627345e+01 -1.66257297e+02 -1.34848338e-08];[-0.9471900685397149, -0.31066819946490104, -0.9471900637873143, 1.5483286367395341]
[  36.47936144 -165.83249819    7.37721819];[-0.7116719696349497, -0.3023942528963528, -1.1121154406785465, 1.5483286367395332]
[  35.7970712  -164.78318072   14.54226411];[-0.45786583976107714, -0.2777646797467277, -1.2169709491827518, 1.5483286367395328]
[  34.81322515 -163.11469083   21.11204758];[-0.2054599294505356, -0.24088590488261688, -1.2437515147353484, 1.5483286367395324]
[  33.84949574 -161.23064602   27.26441233];[0.009125842313219952, -0.2028331209861507, -1.3066238983167158, 1.5483286367395324]
[  32.88665775 -159.07873268   32.85555496];[0.20641528713472485, -0.16348740602712333, -1.3664242905100732, 1.548328636739532]
